SPC_SCITF_NM_SHORT,COMM_KOR_NM,SPC_TXN_ID,GENUS,GENUS_NM,FAMILY,FAMILY_NM,ORDER_,ORDER_NM,CLASS,CLASS_NM,PHYLUM,PHYLUM_NM,KINGDOM,KINGDOM_NM,LATI_DEG,LATI_MIN,LATI_SEC,LATI_NS_DIV_CD,LOTI_DEG,LOTI_MIN,LOTI_SEC,LOTI_EW_DIV_CD,LATI_VAL,LOTI_VAL
Notostomum cyclostomum,,270000027424,Notostomum,,Piscicolidae,바다거머리과,Rhynchobdellida,부리거머리목,Clitellata,환대강,Annelida,환형동물문,Animalia,동물계,36,2,4,N,130,24,31,E,36.03444444,130.4086111
Notostomum cyclostomum,,270000027424,Notostomum,,Piscicolidae,바다거머리과,Rhynchobdellida,부리거머리목,Clitellata,환대강,Annelida,환형동물문,Animalia,동물계,36,2,4,N,130,24,31,E,36.03444444,130.4086111
Notostomum cyclostomum,,270000027424,Notostomum,,Piscicolidae,바다거머리과,Rhynchobdellida,부리거머리목,Clitellata,환대강,Annelida,환형동물문,Animalia,동물계,36,2,4,N,130,24,31,E,36.03444444,130.4086111
Notostomum cyclostomum,,270000027424,Notostomum,,Piscicolidae,바다거머리과,Rhynchobdellida,부리거머리목,Clitellata,환대강,Annelida,환형동물문,Animalia,동물계,36,2,4,N,130,24,31,E,36.03444444,130.4086111
Notostomum cyclostomum,,270000027424,Notostomum,,Piscicolidae,바다거머리과,Rhynchobdellida,부리거머리목,Clitellata,환대강,Annelida,환형동물문,Animalia,동물계,36,2,4,N,130,24,31,E,36.03444444,130.4086111
Amphinome rostrata,부리양목갯지렁이,270000000909,Amphinome,양목갯지렁이속,Amphinomidae,양목갯지렁이과,Amphinomida,양목갯지렁이목,Polychaeta,다모강,Annelida,환형동물문,Animalia,동물계,36,1,12,N,126,36,0,E,36.01986111,126.6000556
Amphinome rostrata,부리양목갯지렁이,270000000909,Amphinome,양목갯지렁이속,Amphinomidae,양목갯지렁이과,Amphinomida,양목갯지렁이목,Polychaeta,다모강,Annelida,환형동물문,Animalia,동물계,36,1,12,N,126,36,10,E,36.01986111,126.6028333
Amphinome rostrata,부리양목갯지렁이,270000000909,Amphinome,양목갯지렁이속,Amphinomidae,양목갯지렁이과,Amphinomida,양목갯지렁이목,Polychaeta,다모강,Annelida,환형동물문,Animalia,동물계,36,1,12,N,126,36,10,E,36.01986111,126.6028333
Amphinome rostrata,부리양목갯지렁이,270000000909,Amphinome,양목갯지렁이속,Amphinomidae,양목갯지렁이과,Amphinomida,양목갯지렁이목,Polychaeta,다모강,Annelida,환형동물문,Animalia,동물계,36,1,12,N,126,36,10,E,36.01986111,126.6028333
Amphinome rostrata,부리양목갯지렁이,270000000909,Amphinome,양목갯지렁이속,Amphinomidae,양목갯지렁이과,Amphinomida,양목갯지렁이목,Polychaeta,다모강,Annelida,환형동물문,Animalia,동물계,36,1,12,N,126,36,10,E,36.01986111,126.6028333
Amphinome rostrata,부리양목갯지렁이,270000000909,Amphinome,양목갯지렁이속,Amphinomidae,양목갯지렁이과,Amphinomida,양목갯지렁이목,Polychaeta,다모강,Annelida,환형동물문,Animalia,동물계,36,1,12,N,126,36,10,E,36.01986111,126.6028333
Amphinome rostrata,부리양목갯지렁이,270000000909,Amphinome,양목갯지렁이속,Amphinomidae,양목갯지렁이과,Amphinomida,양목갯지렁이목,Polychaeta,다모강,Annelida,환형동물문,Animalia,동물계,33,30,6,N,126,56,35,E,33.50152778,126.943025
Amphinome rostrata,부리양목갯지렁이,270000000909,Amphinome,양목갯지렁이속,Amphinomidae,양목갯지렁이과,Amphinomida,양목갯지렁이목,Polychaeta,다모강,Annelida,환형동물문,Animalia,동물계,33,30,6,N,126,56,35,E,33.50152778,126.943025
Archinome rosacea,,270000026862,Archinome,,Amphinomidae,양목갯지렁이과,Amphinomida,양목갯지렁이목,Polychaeta,다모강,Annelida,환형동물문,Animalia,동물계,11,24,53,S,66,25,25,E,11.41471667,66.42374722
Archinome rosacea,,270000026862,Archinome,,Amphinomidae,양목갯지렁이과,Amphinomida,양목갯지렁이목,Polychaeta,다모강,Annelida,환형동물문,Animalia,동물계,11,24,53,S,66,25,25,E,11.41471667,66.42374722
Eurythoe complanata,,270000006526,Eurythoe,,Amphinomidae,양목갯지렁이과,Amphinomida,양목갯지렁이목,Polychaeta,다모강,Annelida,환형동물문,Animalia,동물계,6,4,38,N,116,5,21,E,6.077305556,116.0890278
Eurythoe complanata,,270000006526,Eurythoe,,Amphinomidae,양목갯지렁이과,Amphinomida,양목갯지렁이목,Polychaeta,다모강,Annelida,환형동물문,Animalia,동물계,6,4,38,N,116,5,21,E,6.077305556,116.0890278
Eurythoe complanata,,270000006526,Eurythoe,,Amphinomidae,양목갯지렁이과,Amphinomida,양목갯지렁이목,Polychaeta,다모강,Annelida,환형동물문,Animalia,동물계,6,4,38,N,116,5,21,E,6.077305556,116.0890278
Eurythoe complanata,,270000006526,Eurythoe,,Amphinomidae,양목갯지렁이과,Amphinomida,양목갯지렁이목,Polychaeta,다모강,Annelida,환형동물문,Animalia,동물계,6,4,38,N,116,5,21,E,6.077305556,116.0890278
Eurythoe complanata,,270000006526,Eurythoe,,Amphinomidae,양목갯지렁이과,Amphinomida,양목갯지렁이목,Polychaeta,다모강,Annelida,환형동물문,Animalia,동물계,6,4,38,N,116,5,21,E,6.077305556,116.0890278
Eurythoe complanata,,270000006526,Eurythoe,,Amphinomidae,양목갯지렁이과,Amphinomida,양목갯지렁이목,Polychaeta,다모강,Annelida,환형동물문,Animalia,동물계,6,4,38,N,116,5,21,E,6.077305556,116.0890278
Eurythoe complanata,,270000006526,Eurythoe,,Amphinomidae,양목갯지렁이과,Amphinomida,양목갯지렁이목,Polychaeta,다모강,Annelida,환형동물문,Animalia,동물계,6,4,38,N,116,5,21,E,6.077305556,116.0890278
Eunice northioidea,염주털갯지렁이,270000006432,Eunice,두수염털갯지렁이속,Eunicidae,털갯지렁이과,Eunicida,털갯지렁이목,Polychaeta,다모강,Annelida,환형동물문,Animalia,동물계,37,3,22,N,129,25,47,E,37.05621389,129.4297861
Eunice northioidea,염주털갯지렁이,270000006432,Eunice,두수염털갯지렁이속,Eunicidae,털갯지렁이과,Eunicida,털갯지렁이목,Polychaeta,다모강,Annelida,환형동물문,Animalia,동물계,37,3,22,N,129,25,47,E,37.05621389,129.4297861
Leodice antennata,고리털갯지렁이,270000009429,Leodice,고리털갯지렁이속,Eunicidae,털갯지렁이과,Eunicida,털갯지렁이목,Polychaeta,다모강,Annelida,환형동물문,Animalia,동물계,34,53,8,N,128,57,4,E,34.88547222,128.9512139
Leodice antennata,고리털갯지렁이,270000009429,Leodice,고리털갯지렁이속,Eunicidae,털갯지렁이과,Eunicida,털갯지렁이목,Polychaeta,다모강,Annelida,환형동물문,Animalia,동물계,34,53,8,N,128,57,4,E,34.88547222,128.9512139
Leodice duplexa,두토막고리털갯지렁이,270000009430,Leodice,고리털갯지렁이속,Eunicidae,털갯지렁이과,Eunicida,털갯지렁이목,Polychaeta,다모강,Annelida,환형동물문,Animalia,동물계,35,40,1,N,129,27,55,E,35.66692222,129.4653806
Leodice duplexa,두토막고리털갯지렁이,270000009430,Leodice,고리털갯지렁이속,Eunicidae,털갯지렁이과,Eunicida,털갯지렁이목,Polychaeta,다모강,Annelida,환형동물문,Animalia,동물계,35,40,1,N,129,27,55,E,35.66692222,129.4653806
Leodice duplexa,두토막고리털갯지렁이,270000009430,Leodice,고리털갯지렁이속,Eunicidae,털갯지렁이과,Eunicida,털갯지렁이목,Polychaeta,다모강,Annelida,환형동물문,Animalia,동물계,35,40,1,N,129,27,55,E,35.66692222,129.4653806
Leodice duplexa,두토막고리털갯지렁이,270000009430,Leodice,고리털갯지렁이속,Eunicidae,털갯지렁이과,Eunicida,털갯지렁이목,Polychaeta,다모강,Annelida,환형동물문,Animalia,동물계,35,40,1,N,129,27,55,E,35.66692222,129.4653806
Leodice duplexa,두토막고리털갯지렁이,270000009430,Leodice,고리털갯지렁이속,Eunicidae,털갯지렁이과,Eunicida,털갯지렁이목,Polychaeta,다모강,Annelida,환형동물문,Animalia,동물계,35,40,1,N,129,27,55,E,35.66692222,129.4653806
Leodice duplexa,두토막고리털갯지렁이,270000009430,Leodice,고리털갯지렁이속,Eunicidae,털갯지렁이과,Eunicida,털갯지렁이목,Polychaeta,다모강,Annelida,환형동물문,Animalia,동물계,35,40,1,N,129,27,55,E,35.66692222,129.4653806
Leodice duplexa,두토막고리털갯지렁이,270000009430,Leodice,고리털갯지렁이속,Eunicidae,털갯지렁이과,Eunicida,털갯지렁이목,Polychaeta,다모강,Annelida,환형동물문,Animalia,동물계,35,40,1,N,129,27,55,E,35.66692222,129.4653806
Leodice,고리털갯지렁이속,260000003610,Leodice,고리털갯지렁이속,Eunicidae,털갯지렁이과,Eunicida,털갯지렁이목,Polychaeta,다모강,Annelida,환형동물문,Animalia,동물계,35,18,36,N,129,15,52,E,35.31003333,129.2643833
Leodice duplexa,두토막고리털갯지렁이,270000009430,Leodice,고리털갯지렁이속,Eunicidae,털갯지렁이과,Eunicida,털갯지렁이목,Polychaeta,다모강,Annelida,환형동물문,Animalia,동물계,36,4,35,N,129,34,31,E,36.07638889,129.5752778
Leodice duplexa,두토막고리털갯지렁이,270000009430,Leodice,고리털갯지렁이속,Eunicidae,털갯지렁이과,Eunicida,털갯지렁이목,Polychaeta,다모강,Annelida,환형동물문,Animalia,동물계,35,40,1,N,129,27,55,E,35.66692222,129.4653806
Leodice duplexa,두토막고리털갯지렁이,270000009430,Leodice,고리털갯지렁이속,Eunicidae,털갯지렁이과,Eunicida,털갯지렁이목,Polychaeta,다모강,Annelida,환형동물문,Animalia,동물계,35,6,3,N,129,9,52,E,35.10093056,129.1645778
Leodice duplexa,두토막고리털갯지렁이,270000009430,Leodice,고리털갯지렁이속,Eunicidae,털갯지렁이과,Eunicida,털갯지렁이목,Polychaeta,다모강,Annelida,환형동물문,Animalia,동물계,35,40,1,N,129,27,55,E,35.66692222,129.4653806
Leodice duplexa,두토막고리털갯지렁이,270000009430,Leodice,고리털갯지렁이속,Eunicidae,털갯지렁이과,Eunicida,털갯지렁이목,Polychaeta,다모강,Annelida,환형동물문,Animalia,동물계,35,6,20,N,126,3,56,E,35.10541667,126.0655278
Lysidice collaris,노란솜털갯지렁이,270000010074,Lysidice,솜털갯지렁이속,Eunicidae,털갯지렁이과,Eunicida,털갯지렁이목,Polychaeta,다모강,Annelida,환형동물문,Animalia,동물계,37,26,50,N,126,22,17,E,37.44730556,126.3713889
Lysidice collaris,노란솜털갯지렁이,270000010074,Lysidice,솜털갯지렁이속,Eunicidae,털갯지렁이과,Eunicida,털갯지렁이목,Polychaeta,다모강,Annelida,환형동물문,Animalia,동물계,37,3,22,N,129,25,47,E,37.05621389,129.4297861
Lysidice collaris,노란솜털갯지렁이,270000010074,Lysidice,솜털갯지렁이속,Eunicidae,털갯지렁이과,Eunicida,털갯지렁이목,Polychaeta,다모강,Annelida,환형동물문,Animalia,동물계,33,30,6,N,126,56,35,E,33.50152778,126.943025
Lysidice ninetta,솜털갯지렁이,270000010075,Lysidice,솜털갯지렁이속,Eunicidae,털갯지렁이과,Eunicida,털갯지렁이목,Polychaeta,다모강,Annelida,환형동물문,Animalia,동물계,33,30,6,N,126,56,35,E,33.50152778,126.943025
Lysidice ninetta,솜털갯지렁이,270000010075,Lysidice,솜털갯지렁이속,Eunicidae,털갯지렁이과,Eunicida,털갯지렁이목,Polychaeta,다모강,Annelida,환형동물문,Animalia,동물계,33,30,6,N,126,56,35,E,33.50152778,126.943025
Marphysa sanguinea,바위털갯지렁이,270000010347,Marphysa,바위털갯지렁이속,Eunicidae,털갯지렁이과,Eunicida,털갯지렁이목,Polychaeta,다모강,Annelida,환형동물문,Animalia,동물계,37,16,53,N,129,19,27,E,37.28143889,129.3241361
Marphysa sanguinea,바위털갯지렁이,270000010347,Marphysa,바위털갯지렁이속,Eunicidae,털갯지렁이과,Eunicida,털갯지렁이목,Polychaeta,다모강,Annelida,환형동물문,Animalia,동물계,37,16,53,N,129,19,27,E,37.28143889,129.3241361
Marphysa sanguinea,바위털갯지렁이,270000010347,Marphysa,바위털갯지렁이속,Eunicidae,털갯지렁이과,Eunicida,털갯지렁이목,Polychaeta,다모강,Annelida,환형동물문,Animalia,동물계,37,16,53,N,129,19,27,E,37.28143889,129.3241361
Marphysa sanguinea,바위털갯지렁이,270000010347,Marphysa,바위털갯지렁이속,Eunicidae,털갯지렁이과,Eunicida,털갯지렁이목,Polychaeta,다모강,Annelida,환형동물문,Animalia,동물계,35,9,2,N,129,9,2,E,35.15050278,129.1504833
Marphysa sanguinea,바위털갯지렁이,270000010347,Marphysa,바위털갯지렁이속,Eunicidae,털갯지렁이과,Eunicida,털갯지렁이목,Polychaeta,다모강,Annelida,환형동물문,Animalia,동물계,35,9,2,N,129,9,2,E,35.15050278,129.1504833
Marphysa sanguinea,바위털갯지렁이,270000010347,Marphysa,바위털갯지렁이속,Eunicidae,털갯지렁이과,Eunicida,털갯지렁이목,Polychaeta,다모강,Annelida,환형동물문,Animalia,동물계,37,16,53,N,129,19,27,E,37.28143889,129.3241361
Marphysa sanguinea,바위털갯지렁이,270000010347,Marphysa,바위털갯지렁이속,Eunicidae,털갯지렁이과,Eunicida,털갯지렁이목,Polychaeta,다모강,Annelida,환형동물문,Animalia,동물계,37,16,53,N,129,19,27,E,37.28143889,129.3241361
Marphysa sanguinea,바위털갯지렁이,270000010347,Marphysa,바위털갯지렁이속,Eunicidae,털갯지렁이과,Eunicida,털갯지렁이목,Polychaeta,다모강,Annelida,환형동물문,Animalia,동물계,37,16,53,N,129,19,27,E,37.28143889,129.3241361
Marphysa sanguinea,바위털갯지렁이,270000010347,Marphysa,바위털갯지렁이속,Eunicidae,털갯지렁이과,Eunicida,털갯지렁이목,Polychaeta,다모강,Annelida,환형동물문,Animalia,동물계,37,16,53,N,129,19,27,E,37.28143889,129.3241361
Marphysa sanguinea,바위털갯지렁이,270000010347,Marphysa,바위털갯지렁이속,Eunicidae,털갯지렁이과,Eunicida,털갯지렁이목,Polychaeta,다모강,Annelida,환형동물문,Animalia,동물계,37,16,53,N,129,19,27,E,37.28143889,129.3241361
Marphysa sanguinea,바위털갯지렁이,270000010347,Marphysa,바위털갯지렁이속,Eunicidae,털갯지렁이과,Eunicida,털갯지렁이목,Polychaeta,다모강,Annelida,환형동물문,Animalia,동물계,37,16,53,N,129,19,27,E,37.28143889,129.3241361
Marphysa sanguinea,바위털갯지렁이,270000010347,Marphysa,바위털갯지렁이속,Eunicidae,털갯지렁이과,Eunicida,털갯지렁이목,Polychaeta,다모강,Annelida,환형동물문,Animalia,동물계,37,16,53,N,129,19,27,E,37.28143889,129.3241361
Marphysa victori,빗가시바위털갯지렁이,270000027105,Marphysa,바위털갯지렁이속,Eunicidae,털갯지렁이과,Eunicida,털갯지렁이목,Polychaeta,다모강,Annelida,환형동물문,Animalia,동물계,36,54,5,N,126,16,54,E,36.90125,126.2815833
Marphysa victori,빗가시바위털갯지렁이,270000027105,Marphysa,바위털갯지렁이속,Eunicidae,털갯지렁이과,Eunicida,털갯지렁이목,Polychaeta,다모강,Annelida,환형동물문,Animalia,동물계,36,13,13,N,126,31,45,E,36.22027778,126.5291667
Palola siciliensis,시칠리아길쭉털갯지렁이,270000012614,Palola,길쭉털갯지렁이속,Eunicidae,털갯지렁이과,Eunicida,털갯지렁이목,Polychaeta,다모강,Annelida,환형동물문,Animalia,동물계,36,45,38,N,129,28,20,E,36.7606,129.4721694
Kuwaita heteropoda,긴다리송곳갯지렁이,270000022768,Kuwaita,,Lumbrineridae,송곳갯지렁이과,Eunicida,털갯지렁이목,Polychaeta,다모강,Annelida,환형동물문,Animalia,동물계,36,13,16,N,126,31,37,E,36.22111111,126.527
Lumbrineris longifolia,긴자락송곳갯지렁이,270000009974,Lumbrineris,송곳갯지렁이속,Lumbrineridae,송곳갯지렁이과,Eunicida,털갯지렁이목,Polychaeta,다모강,Annelida,환형동물문,Animalia,동물계,36,13,13,N,126,31,45,E,36.22027778,126.5291667
Lumbrineris latreilli,긴가시송곳갯지렁이,270000009973,Lumbrineris,송곳갯지렁이속,Lumbrineridae,송곳갯지렁이과,Eunicida,털갯지렁이목,Polychaeta,다모강,Annelida,환형동물문,Animalia,동물계,37,16,53,N,129,19,27,E,37.28143889,129.3241361
Lumbrineris latreilli,긴가시송곳갯지렁이,270000009973,Lumbrineris,송곳갯지렁이속,Lumbrineridae,송곳갯지렁이과,Eunicida,털갯지렁이목,Polychaeta,다모강,Annelida,환형동물문,Animalia,동물계,37,16,53,N,129,19,27,E,37.28143889,129.3241361
Lumbrineris japonica,참송곳갯지렁이,270000009972,Lumbrineris,송곳갯지렁이속,Lumbrineridae,송곳갯지렁이과,Eunicida,털갯지렁이목,Polychaeta,다모강,Annelida,환형동물문,Animalia,동물계,35,9,2,N,129,9,2,E,35.15050278,129.1504833
Lumbrineris latreilli,긴가시송곳갯지렁이,270000009973,Lumbrineris,송곳갯지렁이속,Lumbrineridae,송곳갯지렁이과,Eunicida,털갯지렁이목,Polychaeta,다모강,Annelida,환형동물문,Animalia,동물계,37,16,53,N,129,19,27,E,37.28143889,129.3241361
Lumbrineris japonica,참송곳갯지렁이,270000009972,Lumbrineris,송곳갯지렁이속,Lumbrineridae,송곳갯지렁이과,Eunicida,털갯지렁이목,Polychaeta,다모강,Annelida,환형동물문,Animalia,동물계,35,9,2,N,129,9,2,E,35.15050278,129.1504833
Lumbrineris inflata,,270000027822,Lumbrineris,송곳갯지렁이속,Lumbrineridae,송곳갯지렁이과,Eunicida,털갯지렁이목,Polychaeta,다모강,Annelida,환형동물문,Animalia,동물계,38,25,23,N,128,27,49,E,38.42305278,128.4636028
Lumbrineris inflata,,270000027822,Lumbrineris,송곳갯지렁이속,Lumbrineridae,송곳갯지렁이과,Eunicida,털갯지렁이목,Polychaeta,다모강,Annelida,환형동물문,Animalia,동물계,38,25,23,N,128,27,49,E,38.42305278,128.4636028
Lumbrineris nipponica,짧은다리송곳갯지렁이,270000009975,Lumbrineris,송곳갯지렁이속,Lumbrineridae,송곳갯지렁이과,Eunicida,털갯지렁이목,Polychaeta,다모강,Annelida,환형동물문,Animalia,동물계,34,53,11,N,127,44,56,E,34.886325,127.7488833
Lumbrineris latreilli,긴가시송곳갯지렁이,270000009973,Lumbrineris,송곳갯지렁이속,Lumbrineridae,송곳갯지렁이과,Eunicida,털갯지렁이목,Polychaeta,다모강,Annelida,환형동물문,Animalia,동물계,37,16,53,N,129,19,27,E,37.28143889,129.3241361
Lumbrineris inflata,,270000027822,Lumbrineris,송곳갯지렁이속,Lumbrineridae,송곳갯지렁이과,Eunicida,털갯지렁이목,Polychaeta,다모강,Annelida,환형동물문,Animalia,동물계,38,25,23,N,128,27,49,E,38.42305278,128.4636028
Lumbrineris nipponica,짧은다리송곳갯지렁이,270000009975,Lumbrineris,송곳갯지렁이속,Lumbrineridae,송곳갯지렁이과,Eunicida,털갯지렁이목,Polychaeta,다모강,Annelida,환형동물문,Animalia,동물계,36,41,35,N,126,12,38,E,36.69294444,126.2106667
Arabella monroi,,270000001351,Arabella,홍점갯지렁이속,Oenonidae,홍점갯지렁이과,Eunicida,털갯지렁이목,Polychaeta,다모강,Annelida,환형동물문,Animalia,동물계,38,29,41,N,128,25,47,E,38.49478333,128.4296389
Arabella iricolor,홍점갯지렁이,270000001350,Arabella,홍점갯지렁이속,Oenonidae,홍점갯지렁이과,Eunicida,털갯지렁이목,Polychaeta,다모강,Annelida,환형동물문,Animalia,동물계,37,10,5,N,126,15,46,E,37.16791667,126.2628611
Arabella monroi,,270000001351,Arabella,홍점갯지렁이속,Oenonidae,홍점갯지렁이과,Eunicida,털갯지렁이목,Polychaeta,다모강,Annelida,환형동물문,Animalia,동물계,38,29,41,N,128,25,47,E,38.49478333,128.4296389
Arabella monroi,,270000001351,Arabella,홍점갯지렁이속,Oenonidae,홍점갯지렁이과,Eunicida,털갯지렁이목,Polychaeta,다모강,Annelida,환형동물문,Animalia,동물계,38,29,41,N,128,25,47,E,38.49478333,128.4296389
Arabella monroi,,270000001351,Arabella,홍점갯지렁이속,Oenonidae,홍점갯지렁이과,Eunicida,털갯지렁이목,Polychaeta,다모강,Annelida,환형동물문,Animalia,동물계,38,29,41,N,128,25,47,E,38.49478333,128.4296389
Arabella iricolor,홍점갯지렁이,270000001350,Arabella,홍점갯지렁이속,Oenonidae,홍점갯지렁이과,Eunicida,털갯지렁이목,Polychaeta,다모강,Annelida,환형동물문,Animalia,동물계,34,43,1,N,127,59,28,E,34.71705278,127.9910306
Arabella monroi,,270000001351,Arabella,홍점갯지렁이속,Oenonidae,홍점갯지렁이과,Eunicida,털갯지렁이목,Polychaeta,다모강,Annelida,환형동물문,Animalia,동물계,38,30,40,N,128,25,18,E,38.511225,128.4216306
Arabella monroi,,270000001351,Arabella,홍점갯지렁이속,Oenonidae,홍점갯지렁이과,Eunicida,털갯지렁이목,Polychaeta,다모강,Annelida,환형동물문,Animalia,동물계,38,29,41,N,128,25,47,E,38.49478333,128.4296389
Arabella monroi,,270000001351,Arabella,홍점갯지렁이속,Oenonidae,홍점갯지렁이과,Eunicida,털갯지렁이목,Polychaeta,다모강,Annelida,환형동물문,Animalia,동물계,38,30,38,N,128,25,18,E,38.51066667,128.4215278
Arabella monroi,,270000001351,Arabella,홍점갯지렁이속,Oenonidae,홍점갯지렁이과,Eunicida,털갯지렁이목,Polychaeta,다모강,Annelida,환형동물문,Animalia,동물계,38,30,40,N,128,25,18,E,38.511225,128.4216306
Arabella monroi,,270000001351,Arabella,홍점갯지렁이속,Oenonidae,홍점갯지렁이과,Eunicida,털갯지렁이목,Polychaeta,다모강,Annelida,환형동물문,Animalia,동물계,38,30,40,N,128,25,18,E,38.511225,128.4216306
Arabella monroi,,270000001351,Arabella,홍점갯지렁이속,Oenonidae,홍점갯지렁이과,Eunicida,털갯지렁이목,Polychaeta,다모강,Annelida,환형동물문,Animalia,동물계,38,25,23,N,128,27,49,E,38.42305278,128.4636028
Arabella monroi,,270000001351,Arabella,홍점갯지렁이속,Oenonidae,홍점갯지렁이과,Eunicida,털갯지렁이목,Polychaeta,다모강,Annelida,환형동물문,Animalia,동물계,38,29,41,N,128,25,47,E,38.49478333,128.4296389
Arabella monroi,,270000001351,Arabella,홍점갯지렁이속,Oenonidae,홍점갯지렁이과,Eunicida,털갯지렁이목,Polychaeta,다모강,Annelida,환형동물문,Animalia,동물계,38,29,41,N,128,25,47,E,38.49478333,128.4296389
Arabella monroi,,270000001351,Arabella,홍점갯지렁이속,Oenonidae,홍점갯지렁이과,Eunicida,털갯지렁이목,Polychaeta,다모강,Annelida,환형동물문,Animalia,동물계,38,29,41,N,128,25,47,E,38.49478333,128.4296389
Arabella monroi,,270000001351,Arabella,홍점갯지렁이속,Oenonidae,홍점갯지렁이과,Eunicida,털갯지렁이목,Polychaeta,다모강,Annelida,환형동물문,Animalia,동물계,38,29,41,N,128,25,47,E,38.49478333,128.4296389
Arabella iricolor,홍점갯지렁이,270000001350,Arabella,홍점갯지렁이속,Oenonidae,홍점갯지렁이과,Eunicida,털갯지렁이목,Polychaeta,다모강,Annelida,환형동물문,Animalia,동물계,37,3,22,N,129,25,47,E,37.05621389,129.4297861
Arabella iricolor,홍점갯지렁이,270000001350,Arabella,홍점갯지렁이속,Oenonidae,홍점갯지렁이과,Eunicida,털갯지렁이목,Polychaeta,다모강,Annelida,환형동물문,Animalia,동물계,37,3,22,N,129,25,47,E,37.05621389,129.4297861
Arabella,홍점갯지렁이속,260000000472,Arabella,홍점갯지렁이속,Oenonidae,홍점갯지렁이과,Eunicida,털갯지렁이목,Polychaeta,다모강,Annelida,환형동물문,Animalia,동물계,36,30,44,N,129,27,3,E,36.51222778,129.4508694
Arabella,홍점갯지렁이속,260000000472,Arabella,홍점갯지렁이속,Oenonidae,홍점갯지렁이과,Eunicida,털갯지렁이목,Polychaeta,다모강,Annelida,환형동물문,Animalia,동물계,36,30,44,N,129,27,3,E,36.51222778,129.4508694
Arabella iricolor,홍점갯지렁이,270000001350,Arabella,홍점갯지렁이속,Oenonidae,홍점갯지렁이과,Eunicida,털갯지렁이목,Polychaeta,다모강,Annelida,환형동물문,Animalia,동물계,34,43,1,N,127,59,28,E,34.71705278,127.9910306
Arabella monroi,,270000001351,Arabella,홍점갯지렁이속,Oenonidae,홍점갯지렁이과,Eunicida,털갯지렁이목,Polychaeta,다모강,Annelida,환형동물문,Animalia,동물계,34,8,7,N,126,33,41,E,34.13538889,126.5613889
Arabella monroi,,270000001351,Arabella,홍점갯지렁이속,Oenonidae,홍점갯지렁이과,Eunicida,털갯지렁이목,Polychaeta,다모강,Annelida,환형동물문,Animalia,동물계,34,8,7,N,126,33,41,E,34.13538889,126.5613889
Arabella monroi,,270000001351,Arabella,홍점갯지렁이속,Oenonidae,홍점갯지렁이과,Eunicida,털갯지렁이목,Polychaeta,다모강,Annelida,환형동물문,Animalia,동물계,34,8,7,N,126,33,41,E,34.13538889,126.5613889
Arabella monroi,,270000001351,Arabella,홍점갯지렁이속,Oenonidae,홍점갯지렁이과,Eunicida,털갯지렁이목,Polychaeta,다모강,Annelida,환형동물문,Animalia,동물계,34,8,7,N,126,33,41,E,34.13538889,126.5613889
Diopatra sugokai,털보집갯지렁이,270000005504,Diopatra,집갯지렁이속,Onuphidae,집갯지렁이과,Eunicida,털갯지렁이목,Polychaeta,다모강,Annelida,환형동물문,Animalia,동물계,36,36,23,N,126,17,15,E,36.6065,126.2876111
Diopatra biscayensis,,270000027805,Diopatra,집갯지렁이속,Onuphidae,집갯지렁이과,Eunicida,털갯지렁이목,Polychaeta,다모강,Annelida,환형동물문,Animalia,동물계,36,13,16,N,126,31,37,E,36.22111111,126.527
Onuphis shirikishinaiensis,실집갯지렁이,270000012152,Onuphis,수염갯지렁이속,Onuphidae,집갯지렁이과,Eunicida,털갯지렁이목,Polychaeta,다모강,Annelida,환형동물문,Animalia,동물계,36,36,23,N,126,17,15,E,36.6065,126.2876111
Arenicola brasiliensis,작은검은갯지렁이,270000020423,Arenicola,작은검은갯지렁이속,Arenicolidae,검은갯지렁이과,Not assigned,,Polychaeta,다모강,Annelida,환형동물문,Animalia,동물계,36,13,13,N,126,31,45,E,36.22027778,126.5291667
Capitella capitata,등가시버들갯지렁이,270000021008,Capitella,등가시버들갯지렁이속,Capitellidae,버들갯지렁이과,Not assigned,,Polychaeta,다모강,Annelida,환형동물문,Animalia,동물계,35,8,31,N,126,7,2,E,35.14180556,126.1171111
Capitella capitata,등가시버들갯지렁이,270000021008,Capitella,등가시버들갯지렁이속,Capitellidae,버들갯지렁이과,Not assigned,,Polychaeta,다모강,Annelida,환형동물문,Animalia,동물계,6,2,18,N,116,6,41,E,6.038444444,116.1113889
Capitella capitata,등가시버들갯지렁이,270000021008,Capitella,등가시버들갯지렁이속,Capitellidae,버들갯지렁이과,Not assigned,,Polychaeta,다모강,Annelida,환형동물문,Animalia,동물계,6,2,18,N,116,6,41,E,6.038444444,116.1113889
Heteromastus filiformis,고리버들갯지렁이,270000022513,Heteromastus,고리버들갯지렁이속,Capitellidae,버들갯지렁이과,Not assigned,,Polychaeta,다모강,Annelida,환형동물문,Animalia,동물계,34,53,11,N,127,44,56,E,34.886325,127.7488833
Heteromastus filiformis,고리버들갯지렁이,270000022513,Heteromastus,고리버들갯지렁이속,Capitellidae,버들갯지렁이과,Not assigned,,Polychaeta,다모강,Annelida,환형동물문,Animalia,동물계,35,28,48,N,129,25,39,E,35.47986667,129.4274667
Heteromastus filiformis,고리버들갯지렁이,270000022513,Heteromastus,고리버들갯지렁이속,Capitellidae,버들갯지렁이과,Not assigned,,Polychaeta,다모강,Annelida,환형동물문,Animalia,동물계,34,53,11,N,127,44,56,E,34.886325,127.7488833
Heteromastus filiformis,고리버들갯지렁이,270000022513,Heteromastus,고리버들갯지렁이속,Capitellidae,버들갯지렁이과,Not assigned,,Polychaeta,다모강,Annelida,환형동물문,Animalia,동물계,34,53,11,N,127,44,56,E,34.886325,127.7488833
Heteromastus filiformis,고리버들갯지렁이,270000022513,Heteromastus,고리버들갯지렁이속,Capitellidae,버들갯지렁이과,Not assigned,,Polychaeta,다모강,Annelida,환형동물문,Animalia,동물계,34,53,11,N,127,44,56,E,34.886325,127.7488833
Heteromastus filiformis,고리버들갯지렁이,270000022513,Heteromastus,고리버들갯지렁이속,Capitellidae,버들갯지렁이과,Not assigned,,Polychaeta,다모강,Annelida,환형동물문,Animalia,동물계,34,53,11,N,127,44,56,E,34.886325,127.7488833
Heteromastus filiformis,고리버들갯지렁이,270000022513,Heteromastus,고리버들갯지렁이속,Capitellidae,버들갯지렁이과,Not assigned,,Polychaeta,다모강,Annelida,환형동물문,Animalia,동물계,34,53,11,N,127,44,56,E,34.886325,127.7488833
Heteromastus filiformis,고리버들갯지렁이,270000022513,Heteromastus,고리버들갯지렁이속,Capitellidae,버들갯지렁이과,Not assigned,,Polychaeta,다모강,Annelida,환형동물문,Animalia,동물계,34,53,11,N,127,44,56,E,34.886325,127.7488833
Heteromastus filiformis,고리버들갯지렁이,270000022513,Heteromastus,고리버들갯지렁이속,Capitellidae,버들갯지렁이과,Not assigned,,Polychaeta,다모강,Annelida,환형동물문,Animalia,동물계,34,53,11,N,127,44,56,E,34.886325,127.7488833
Heteromastus filiformis,고리버들갯지렁이,270000022513,Heteromastus,고리버들갯지렁이속,Capitellidae,버들갯지렁이과,Not assigned,,Polychaeta,다모강,Annelida,환형동물문,Animalia,동물계,34,53,11,N,127,44,56,E,34.886325,127.7488833
Heteromastus filiformis,고리버들갯지렁이,270000022513,Heteromastus,고리버들갯지렁이속,Capitellidae,버들갯지렁이과,Not assigned,,Polychaeta,다모강,Annelida,환형동물문,Animalia,동물계,34,53,11,N,127,44,56,E,34.886325,127.7488833
Heteromastus koreanus,세줄고리버들갯지렁이,270000026588,Heteromastus,고리버들갯지렁이속,Capitellidae,버들갯지렁이과,Not assigned,,Polychaeta,다모강,Annelida,환형동물문,Animalia,동물계,35,59,20,N,126,34,0,E,35.98888889,126.5666667
Heteromastus koreanus,세줄고리버들갯지렁이,270000026588,Heteromastus,고리버들갯지렁이속,Capitellidae,버들갯지렁이과,Not assigned,,Polychaeta,다모강,Annelida,환형동물문,Animalia,동물계,35,59,20,N,126,34,0,E,35.98888889,126.5666667
Heteromastus koreanus,세줄고리버들갯지렁이,270000026588,Heteromastus,고리버들갯지렁이속,Capitellidae,버들갯지렁이과,Not assigned,,Polychaeta,다모강,Annelida,환형동물문,Animalia,동물계,35,59,20,N,126,34,0,E,35.98888889,126.5666667
Heteromastus koreanus,세줄고리버들갯지렁이,270000026588,Heteromastus,고리버들갯지렁이속,Capitellidae,버들갯지렁이과,Not assigned,,Polychaeta,다모강,Annelida,환형동물문,Animalia,동물계,35,59,20,N,126,34,0,E,35.98888889,126.5666667
Heteromastus koreanus,세줄고리버들갯지렁이,270000026588,Heteromastus,고리버들갯지렁이속,Capitellidae,버들갯지렁이과,Not assigned,,Polychaeta,다모강,Annelida,환형동물문,Animalia,동물계,35,59,20,N,126,34,0,E,35.98888889,126.5666667
Heteromastus koreanus,세줄고리버들갯지렁이,270000026588,Heteromastus,고리버들갯지렁이속,Capitellidae,버들갯지렁이과,Not assigned,,Polychaeta,다모강,Annelida,환형동물문,Animalia,동물계,35,8,31,N,126,7,2,E,35.14180556,126.1171111
Heteromastus koreanus,세줄고리버들갯지렁이,270000026588,Heteromastus,고리버들갯지렁이속,Capitellidae,버들갯지렁이과,Not assigned,,Polychaeta,다모강,Annelida,환형동물문,Animalia,동물계,35,59,20,N,126,34,0,E,35.98888889,126.5666667
Heteromastus koreanus,세줄고리버들갯지렁이,270000026588,Heteromastus,고리버들갯지렁이속,Capitellidae,버들갯지렁이과,Not assigned,,Polychaeta,다모강,Annelida,환형동물문,Animalia,동물계,35,59,20,N,126,34,0,E,35.98888889,126.5666667
Heteromastus koreanus,세줄고리버들갯지렁이,270000026588,Heteromastus,고리버들갯지렁이속,Capitellidae,버들갯지렁이과,Not assigned,,Polychaeta,다모강,Annelida,환형동물문,Animalia,동물계,35,59,20,N,126,34,0,E,35.98888889,126.5666667
Heteromastus koreanus,세줄고리버들갯지렁이,270000026588,Heteromastus,고리버들갯지렁이속,Capitellidae,버들갯지렁이과,Not assigned,,Polychaeta,다모강,Annelida,환형동물문,Animalia,동물계,35,59,20,N,126,34,0,E,35.98888889,126.5666667
Heteromastus koreanus,세줄고리버들갯지렁이,270000026588,Heteromastus,고리버들갯지렁이속,Capitellidae,버들갯지렁이과,Not assigned,,Polychaeta,다모강,Annelida,환형동물문,Animalia,동물계,35,59,20,N,126,34,0,E,35.98888889,126.5666667
Notomastus latericeus,가는버들갯지렁이,270000023678,Notomastus,가는버들갯지렁이속,Capitellidae,버들갯지렁이과,Not assigned,,Polychaeta,다모강,Annelida,환형동물문,Animalia,동물계,35,28,48,N,129,25,39,E,35.47986667,129.4274667
Notomastus lineatus,,270000023896,Notomastus,가는버들갯지렁이속,Capitellidae,버들갯지렁이과,Not assigned,,Polychaeta,다모강,Annelida,환형동물문,Animalia,동물계,6,2,18,N,116,6,41,E,6.038444444,116.1113889
Notomastus lineatus,,270000023896,Notomastus,가는버들갯지렁이속,Capitellidae,버들갯지렁이과,Not assigned,,Polychaeta,다모강,Annelida,환형동물문,Animalia,동물계,6,2,18,N,116,6,41,E,6.038444444,116.1113889
Notomastus lineatus,,270000023896,Notomastus,가는버들갯지렁이속,Capitellidae,버들갯지렁이과,Not assigned,,Polychaeta,다모강,Annelida,환형동물문,Animalia,동물계,6,2,18,N,116,6,41,E,6.038444444,116.1113889
Chaetopterus cautus,,270000027815,Chaetopterus,새날개갯지렁이속,Chaetopteridae,날개갯지렁이과,Not assigned,,Polychaeta,다모강,Annelida,환형동물문,Animalia,동물계,36,13,16,N,126,31,37,E,36.22111111,126.527
Chaetopterus cautus,,270000027815,Chaetopterus,새날개갯지렁이속,Chaetopteridae,날개갯지렁이과,Not assigned,,Polychaeta,다모강,Annelida,환형동물문,Animalia,동물계,36,13,13,N,126,31,45,E,36.22027778,126.5291667
Mesochaetopterus japonicus,밀짚날개갯지렁이,270000023256,Mesochaetopterus,밀짚날개갯지렁이속,Chaetopteridae,날개갯지렁이과,Not assigned,,Polychaeta,다모강,Annelida,환형동물문,Animalia,동물계,36,13,16,N,126,31,37,E,36.22111111,126.527
Metasychis gotoi,수슬대나무갯지렁이,270000023285,Metasychis,,Maldanidae,대나무갯지렁이과,Not assigned,,Polychaeta,다모강,Annelida,환형동물문,Animalia,동물계,34,45,58,N,128,28,4,E,34.76624444,128.4676667
Petaloproctus dentatus,,270000013399,Petaloproctus,톱대나무갯지렁이속,Maldanidae,대나무갯지렁이과,Not assigned,,Polychaeta,다모강,Annelida,환형동물문,Animalia,동물계,36,39,18,N,130,1,35,E,36.65506667,130.02635
Petaloproctus dentatus,,270000013399,Petaloproctus,톱대나무갯지렁이속,Maldanidae,대나무갯지렁이과,Not assigned,,Polychaeta,다모강,Annelida,환형동물문,Animalia,동물계,36,39,18,N,130,1,35,E,36.65506667,130.02635
Petaloproctus dentatus,,270000013399,Petaloproctus,톱대나무갯지렁이속,Maldanidae,대나무갯지렁이과,Not assigned,,Polychaeta,다모강,Annelida,환형동물문,Animalia,동물계,36,39,18,N,130,1,35,E,36.65506667,130.02635
Petaloproctus dentatus,,270000013399,Petaloproctus,톱대나무갯지렁이속,Maldanidae,대나무갯지렁이과,Not assigned,,Polychaeta,다모강,Annelida,환형동물문,Animalia,동물계,36,39,18,N,130,1,35,E,36.65506667,130.02635
Armandia lanceolata,침보석요정갯지렁이,270000020434,Armandia,보석요정갯지렁이속,Opheliidae,요정갯지렁이과,Not assigned,,Polychaeta,다모강,Annelida,환형동물문,Animalia,동물계,34,43,19,N,128,27,27,E,34.72184444,128.4574139
Armandia lanceolata,침보석요정갯지렁이,270000020434,Armandia,보석요정갯지렁이속,Opheliidae,요정갯지렁이과,Not assigned,,Polychaeta,다모강,Annelida,환형동물문,Animalia,동물계,34,43,19,N,128,27,27,E,34.72184444,128.4574139
Armandia lanceolata,침보석요정갯지렁이,270000020434,Armandia,보석요정갯지렁이속,Opheliidae,요정갯지렁이과,Not assigned,,Polychaeta,다모강,Annelida,환형동물문,Animalia,동물계,36,0,41,N,126,36,32,E,36.0115,126.60875
Armandia lanceolata,침보석요정갯지렁이,270000020434,Armandia,보석요정갯지렁이속,Opheliidae,요정갯지렁이과,Not assigned,,Polychaeta,다모강,Annelida,환형동물문,Animalia,동물계,36,0,41,N,126,36,32,E,36.0115,126.60875
Armandia lanceolata,침보석요정갯지렁이,270000020434,Armandia,보석요정갯지렁이속,Opheliidae,요정갯지렁이과,Not assigned,,Polychaeta,다모강,Annelida,환형동물문,Animalia,동물계,36,0,41,N,126,36,32,E,36.0115,126.60875
Armandia lanceolata,침보석요정갯지렁이,270000020434,Armandia,보석요정갯지렁이속,Opheliidae,요정갯지렁이과,Not assigned,,Polychaeta,다모강,Annelida,환형동물문,Animalia,동물계,36,0,41,N,126,36,32,E,36.0115,126.60875
Armandia lanceolata,침보석요정갯지렁이,270000020434,Armandia,보석요정갯지렁이속,Opheliidae,요정갯지렁이과,Not assigned,,Polychaeta,다모강,Annelida,환형동물문,Animalia,동물계,36,0,41,N,126,36,32,E,36.0115,126.60875
Armandia lanceolata,침보석요정갯지렁이,270000020434,Armandia,보석요정갯지렁이속,Opheliidae,요정갯지렁이과,Not assigned,,Polychaeta,다모강,Annelida,환형동물문,Animalia,동물계,36,0,41,N,126,36,32,E,36.0115,126.60875
Armandia lanceolata,침보석요정갯지렁이,270000020434,Armandia,보석요정갯지렁이속,Opheliidae,요정갯지렁이과,Not assigned,,Polychaeta,다모강,Annelida,환형동물문,Animalia,동물계,36,25,20,N,126,21,33,E,36.42208333,126.3590278
Armandia lanceolata,침보석요정갯지렁이,270000020434,Armandia,보석요정갯지렁이속,Opheliidae,요정갯지렁이과,Not assigned,,Polychaeta,다모강,Annelida,환형동물문,Animalia,동물계,36,0,41,N,126,36,32,E,36.0115,126.60875
Armandia lanceolata,침보석요정갯지렁이,270000020434,Armandia,보석요정갯지렁이속,Opheliidae,요정갯지렁이과,Not assigned,,Polychaeta,다모강,Annelida,환형동물문,Animalia,동물계,36,0,41,N,126,36,32,E,36.0115,126.60875
Armandia lanceolata,침보석요정갯지렁이,270000020434,Armandia,보석요정갯지렁이속,Opheliidae,요정갯지렁이과,Not assigned,,Polychaeta,다모강,Annelida,환형동물문,Animalia,동물계,36,0,41,N,126,36,32,E,36.0115,126.60875
Armandia amakusaensis,아가미보석요정갯지렁이,270000020433,Armandia,보석요정갯지렁이속,Opheliidae,요정갯지렁이과,Not assigned,,Polychaeta,다모강,Annelida,환형동물문,Animalia,동물계,36,36,23,N,126,17,15,E,36.6065,126.2876111
Armandia amakusaensis,아가미보석요정갯지렁이,270000020433,Armandia,보석요정갯지렁이속,Opheliidae,요정갯지렁이과,Not assigned,,Polychaeta,다모강,Annelida,환형동물문,Animalia,동물계,34,23,45,N,126,16,33,E,34.39576111,126.2757639
Armandia lanceolata,침보석요정갯지렁이,270000020434,Armandia,보석요정갯지렁이속,Opheliidae,요정갯지렁이과,Not assigned,,Polychaeta,다모강,Annelida,환형동물문,Animalia,동물계,36,0,41,N,126,36,32,E,36.0115,126.60875
Armandia amakusaensis,아가미보석요정갯지렁이,270000020433,Armandia,보석요정갯지렁이속,Opheliidae,요정갯지렁이과,Not assigned,,Polychaeta,다모강,Annelida,환형동물문,Animalia,동물계,34,23,45,N,126,16,33,E,34.39576111,126.2757639
Armandia amakusaensis,아가미보석요정갯지렁이,270000020433,Armandia,보석요정갯지렁이속,Opheliidae,요정갯지렁이과,Not assigned,,Polychaeta,다모강,Annelida,환형동물문,Animalia,동물계,34,23,45,N,126,16,33,E,34.39576111,126.2757639
Armandia amakusaensis,아가미보석요정갯지렁이,270000020433,Armandia,보석요정갯지렁이속,Opheliidae,요정갯지렁이과,Not assigned,,Polychaeta,다모강,Annelida,환형동물문,Animalia,동물계,34,23,46,N,126,16,33,E,34.39597222,126.2759444
Armandia amakusaensis,아가미보석요정갯지렁이,270000020433,Armandia,보석요정갯지렁이속,Opheliidae,요정갯지렁이과,Not assigned,,Polychaeta,다모강,Annelida,환형동물문,Animalia,동물계,34,23,45,N,126,16,33,E,34.39576111,126.2757639
Armandia amakusaensis,아가미보석요정갯지렁이,270000020433,Armandia,보석요정갯지렁이속,Opheliidae,요정갯지렁이과,Not assigned,,Polychaeta,다모강,Annelida,환형동물문,Animalia,동물계,34,23,46,N,126,16,33,E,34.39597222,126.2759444
Polyophthalmus qingdaoensis,안점무늬요정갯지렁이,270000024333,Polyophthalmus,무늬요정갯지렁이속,Opheliidae,요정갯지렁이과,Not assigned,,Polychaeta,다모강,Annelida,환형동물문,Animalia,동물계,33,27,36,N,126,56,6,E,33.46,126.935
Polyophthalmus qingdaoensis,안점무늬요정갯지렁이,270000024333,Polyophthalmus,무늬요정갯지렁이속,Opheliidae,요정갯지렁이과,Not assigned,,Polychaeta,다모강,Annelida,환형동물문,Animalia,동물계,36,25,20,N,126,21,33,E,36.42208333,126.3590278
Polyophthalmus pictus,무늬요정갯지렁이,270000024332,Polyophthalmus,무늬요정갯지렁이속,Opheliidae,요정갯지렁이과,Not assigned,,Polychaeta,다모강,Annelida,환형동물문,Animalia,동물계,37,3,22,N,129,25,47,E,37.05621389,129.4297861
Polyophthalmus pictus,무늬요정갯지렁이,270000024332,Polyophthalmus,무늬요정갯지렁이속,Opheliidae,요정갯지렁이과,Not assigned,,Polychaeta,다모강,Annelida,환형동물문,Animalia,동물계,33,30,6,N,126,56,35,E,33.50152778,126.943025
Polyophthalmus pictus,무늬요정갯지렁이,270000024332,Polyophthalmus,무늬요정갯지렁이속,Opheliidae,요정갯지렁이과,Not assigned,,Polychaeta,다모강,Annelida,환형동물문,Animalia,동물계,36,42,46,N,129,28,39,E,36.71284444,129.4773694
Thoracophelia williamsi,,270000027829,Thoracophelia,,Opheliidae,요정갯지렁이과,Not assigned,,Polychaeta,다모강,Annelida,환형동물문,Animalia,동물계,35,6,20,N,126,3,55,E,35.10541667,126.0652778
Leitoscoloplos pugettensis,갓모갯지렁이,270000022855,Leitoscoloplos,,Orbiniidae,갓모갯지렁이과,Not assigned,,Polychaeta,다모강,Annelida,환형동물문,Animalia,동물계,35,8,31,N,126,7,2,E,35.14180556,126.1171111
Naineris dendritica,둥근다리모자갯지렁이,270000023508,Naineris,모자갯지렁이속,Orbiniidae,갓모갯지렁이과,Not assigned,,Polychaeta,다모강,Annelida,환형동물문,Animalia,동물계,36,56,3,N,126,17,24,E,36.93413889,126.2899722
Naineris dendritica,둥근다리모자갯지렁이,270000023508,Naineris,모자갯지렁이속,Orbiniidae,갓모갯지렁이과,Not assigned,,Polychaeta,다모강,Annelida,환형동물문,Animalia,동물계,35,59,23,N,129,34,1,E,35.98961667,129.5668944
Naineris dendritica,둥근다리모자갯지렁이,270000023508,Naineris,모자갯지렁이속,Orbiniidae,갓모갯지렁이과,Not assigned,,Polychaeta,다모강,Annelida,환형동물문,Animalia,동물계,35,59,23,N,129,34,1,E,35.98961667,129.5668944
Naineris dendritica,둥근다리모자갯지렁이,270000023508,Naineris,모자갯지렁이속,Orbiniidae,갓모갯지렁이과,Not assigned,,Polychaeta,다모강,Annelida,환형동물문,Animalia,동물계,33,29,17,N,126,54,44,E,33.48816111,126.9123333
Naineris dendritica,둥근다리모자갯지렁이,270000023508,Naineris,모자갯지렁이속,Orbiniidae,갓모갯지렁이과,Not assigned,,Polychaeta,다모강,Annelida,환형동물문,Animalia,동물계,34,48,16,N,128,41,34,E,34.80442222,128.6926528
Naineris dendritica,둥근다리모자갯지렁이,270000023508,Naineris,모자갯지렁이속,Orbiniidae,갓모갯지렁이과,Not assigned,,Polychaeta,다모강,Annelida,환형동물문,Animalia,동물계,37,18,35,N,129,17,29,E,37.30981111,129.2913083
Naineris dendritica,둥근다리모자갯지렁이,270000023508,Naineris,모자갯지렁이속,Orbiniidae,갓모갯지렁이과,Not assigned,,Polychaeta,다모강,Annelida,환형동물문,Animalia,동물계,37,18,35,N,129,17,29,E,37.30981111,129.2913083
Naineris dendritica,둥근다리모자갯지렁이,270000023508,Naineris,모자갯지렁이속,Orbiniidae,갓모갯지렁이과,Not assigned,,Polychaeta,다모강,Annelida,환형동물문,Animalia,동물계,37,18,35,N,129,17,29,E,37.30981111,129.2913083
Naineris dendritica,둥근다리모자갯지렁이,270000023508,Naineris,모자갯지렁이속,Orbiniidae,갓모갯지렁이과,Not assigned,,Polychaeta,다모강,Annelida,환형동물문,Animalia,동물계,37,18,35,N,129,17,29,E,37.30981111,129.2913083
Naineris dendritica,둥근다리모자갯지렁이,270000023508,Naineris,모자갯지렁이속,Orbiniidae,갓모갯지렁이과,Not assigned,,Polychaeta,다모강,Annelida,환형동물문,Animalia,동물계,37,18,35,N,129,17,29,E,37.30981111,129.2913083
Naineris dendritica,둥근다리모자갯지렁이,270000023508,Naineris,모자갯지렁이속,Orbiniidae,갓모갯지렁이과,Not assigned,,Polychaeta,다모강,Annelida,환형동물문,Animalia,동물계,37,18,35,N,129,17,29,E,37.30981111,129.2913083
Naineris dendritica,둥근다리모자갯지렁이,270000023508,Naineris,모자갯지렁이속,Orbiniidae,갓모갯지렁이과,Not assigned,,Polychaeta,다모강,Annelida,환형동물문,Animalia,동물계,37,18,35,N,129,17,29,E,37.30981111,129.2913083
Naineris dendritica,둥근다리모자갯지렁이,270000023508,Naineris,모자갯지렁이속,Orbiniidae,갓모갯지렁이과,Not assigned,,Polychaeta,다모강,Annelida,환형동물문,Animalia,동물계,37,18,35,N,129,17,29,E,37.30981111,129.2913083
Naineris dendritica,둥근다리모자갯지렁이,270000023508,Naineris,모자갯지렁이속,Orbiniidae,갓모갯지렁이과,Not assigned,,Polychaeta,다모강,Annelida,환형동물문,Animalia,동물계,37,18,35,N,129,17,29,E,37.30981111,129.2913083
Naineris dendritica,둥근다리모자갯지렁이,270000023508,Naineris,모자갯지렁이속,Orbiniidae,갓모갯지렁이과,Not assigned,,Polychaeta,다모강,Annelida,환형동물문,Animalia,동물계,37,18,35,N,129,17,29,E,37.30981111,129.2913083
Naineris dendritica,둥근다리모자갯지렁이,270000023508,Naineris,모자갯지렁이속,Orbiniidae,갓모갯지렁이과,Not assigned,,Polychaeta,다모강,Annelida,환형동물문,Animalia,동물계,37,18,35,N,129,17,29,E,37.30981111,129.2913083
Naineris dendritica,둥근다리모자갯지렁이,270000023508,Naineris,모자갯지렁이속,Orbiniidae,갓모갯지렁이과,Not assigned,,Polychaeta,다모강,Annelida,환형동물문,Animalia,동물계,35,59,23,N,129,34,1,E,35.98961667,129.5668944
Naineris dendritica,둥근다리모자갯지렁이,270000023508,Naineris,모자갯지렁이속,Orbiniidae,갓모갯지렁이과,Not assigned,,Polychaeta,다모강,Annelida,환형동물문,Animalia,동물계,35,59,23,N,129,34,1,E,35.98961667,129.5668944
Naineris dendritica,둥근다리모자갯지렁이,270000023508,Naineris,모자갯지렁이속,Orbiniidae,갓모갯지렁이과,Not assigned,,Polychaeta,다모강,Annelida,환형동물문,Animalia,동물계,35,59,23,N,129,34,1,E,35.98961667,129.5668944
Naineris dendritica,둥근다리모자갯지렁이,270000023508,Naineris,모자갯지렁이속,Orbiniidae,갓모갯지렁이과,Not assigned,,Polychaeta,다모강,Annelida,환형동물문,Animalia,동물계,35,59,23,N,129,34,1,E,35.98961667,129.5668944
Naineris dendritica,둥근다리모자갯지렁이,270000023508,Naineris,모자갯지렁이속,Orbiniidae,갓모갯지렁이과,Not assigned,,Polychaeta,다모강,Annelida,환형동물문,Animalia,동물계,35,59,23,N,129,34,1,E,35.98961667,129.5668944
Naineris dendritica,둥근다리모자갯지렁이,270000023508,Naineris,모자갯지렁이속,Orbiniidae,갓모갯지렁이과,Not assigned,,Polychaeta,다모강,Annelida,환형동물문,Animalia,동물계,37,18,35,N,129,17,29,E,37.30981111,129.2913083
Naineris laevigata,모자갯지렁이,270000023509,Naineris,모자갯지렁이속,Orbiniidae,갓모갯지렁이과,Not assigned,,Polychaeta,다모강,Annelida,환형동물문,Animalia,동물계,35,9,2,N,129,9,2,E,35.15050278,129.1504833
Naineris laevigata,모자갯지렁이,270000023509,Naineris,모자갯지렁이속,Orbiniidae,갓모갯지렁이과,Not assigned,,Polychaeta,다모강,Annelida,환형동물문,Animalia,동물계,35,9,2,N,129,9,2,E,35.15050278,129.1504833
Naineris dendritica,둥근다리모자갯지렁이,270000023508,Naineris,모자갯지렁이속,Orbiniidae,갓모갯지렁이과,Not assigned,,Polychaeta,다모강,Annelida,환형동물문,Animalia,동물계,33,29,17,N,126,54,44,E,33.48816111,126.9123333
Naineris dendritica,둥근다리모자갯지렁이,270000023508,Naineris,모자갯지렁이속,Orbiniidae,갓모갯지렁이과,Not assigned,,Polychaeta,다모강,Annelida,환형동물문,Animalia,동물계,35,59,23,N,129,34,1,E,35.98961667,129.5668944
Naineris dendritica,둥근다리모자갯지렁이,270000023508,Naineris,모자갯지렁이속,Orbiniidae,갓모갯지렁이과,Not assigned,,Polychaeta,다모강,Annelida,환형동물문,Animalia,동물계,35,59,23,N,129,34,1,E,35.98961667,129.5668944
Naineris dendritica,둥근다리모자갯지렁이,270000023508,Naineris,모자갯지렁이속,Orbiniidae,갓모갯지렁이과,Not assigned,,Polychaeta,다모강,Annelida,환형동물문,Animalia,동물계,37,18,35,N,129,17,29,E,37.30981111,129.2913083
Naineris dendritica,둥근다리모자갯지렁이,270000023508,Naineris,모자갯지렁이속,Orbiniidae,갓모갯지렁이과,Not assigned,,Polychaeta,다모강,Annelida,환형동물문,Animalia,동물계,37,18,35,N,129,17,29,E,37.30981111,129.2913083
Naineris dendritica,둥근다리모자갯지렁이,270000023508,Naineris,모자갯지렁이속,Orbiniidae,갓모갯지렁이과,Not assigned,,Polychaeta,다모강,Annelida,환형동물문,Animalia,동물계,35,59,23,N,129,34,1,E,35.98961667,129.5668944
Naineris dendritica,둥근다리모자갯지렁이,270000023508,Naineris,모자갯지렁이속,Orbiniidae,갓모갯지렁이과,Not assigned,,Polychaeta,다모강,Annelida,환형동물문,Animalia,동물계,37,18,35,N,129,17,29,E,37.30981111,129.2913083
Naineris dendritica,둥근다리모자갯지렁이,270000023508,Naineris,모자갯지렁이속,Orbiniidae,갓모갯지렁이과,Not assigned,,Polychaeta,다모강,Annelida,환형동물문,Animalia,동물계,37,18,35,N,129,17,29,E,37.30981111,129.2913083
Naineris dendritica,둥근다리모자갯지렁이,270000023508,Naineris,모자갯지렁이속,Orbiniidae,갓모갯지렁이과,Not assigned,,Polychaeta,다모강,Annelida,환형동물문,Animalia,동물계,37,18,35,N,129,17,29,E,37.30981111,129.2913083
Naineris dendritica,둥근다리모자갯지렁이,270000023508,Naineris,모자갯지렁이속,Orbiniidae,갓모갯지렁이과,Not assigned,,Polychaeta,다모강,Annelida,환형동물문,Animalia,동물계,37,18,35,N,129,17,29,E,37.30981111,129.2913083
Naineris dendritica,둥근다리모자갯지렁이,270000023508,Naineris,모자갯지렁이속,Orbiniidae,갓모갯지렁이과,Not assigned,,Polychaeta,다모강,Annelida,환형동물문,Animalia,동물계,37,18,35,N,129,17,29,E,37.30981111,129.2913083
Naineris dendritica,둥근다리모자갯지렁이,270000023508,Naineris,모자갯지렁이속,Orbiniidae,갓모갯지렁이과,Not assigned,,Polychaeta,다모강,Annelida,환형동물문,Animalia,동물계,35,59,23,N,129,34,1,E,35.98961667,129.5668944
Naineris dendritica,둥근다리모자갯지렁이,270000023508,Naineris,모자갯지렁이속,Orbiniidae,갓모갯지렁이과,Not assigned,,Polychaeta,다모강,Annelida,환형동물문,Animalia,동물계,35,59,23,N,129,34,1,E,35.98961667,129.5668944
Scoloplos armiger,삼각모자갯지렁이,270000025041,Scoloplos,삼각모자갯지렁이속,Orbiniidae,갓모갯지렁이과,Not assigned,,Polychaeta,다모강,Annelida,환형동물문,Animalia,동물계,34,8,7,N,126,33,41,E,34.13538889,126.5613889
Scoloplos armiger,삼각모자갯지렁이,270000025041,Scoloplos,삼각모자갯지렁이속,Orbiniidae,갓모갯지렁이과,Not assigned,,Polychaeta,다모강,Annelida,환형동물문,Animalia,동물계,36,29,46,N,126,20,2,E,36.49604444,126.3338806
Scoloplos armiger,삼각모자갯지렁이,270000025041,Scoloplos,삼각모자갯지렁이속,Orbiniidae,갓모갯지렁이과,Not assigned,,Polychaeta,다모강,Annelida,환형동물문,Animalia,동물계,36,13,16,N,126,31,37,E,36.22111111,126.527
Aricidea (Aedicira) pacifica,태평양별난가시갯지렁이,270000020428,Aricidea,긴코별난가시갯지렁이속,Paraonidae,별난가시갯지렁이과,Not assigned,,Polychaeta,다모강,Annelida,환형동물문,Animalia,동물계,35,6,20,N,126,3,56,E,35.10541667,126.0655278
Travisia japonica,벌레요정갯지렁이,270000025678,Travisia,벌레요정갯지렁이속,Travisiidae,,Not assigned,,Polychaeta,다모강,Annelida,환형동물문,Animalia,동물계,36,13,13,N,126,31,45,E,36.22027778,126.5291667
Aphrodita nipponensis,,270000027823,Aphrodita,고슴도치갯지렁이속,Aphroditidae,고슴도치갯지렁이과,Phyllodocida,부채발갯지렁이목,Polychaeta,다모강,Annelida,환형동물문,Animalia,동물계,36,12,33,N,129,45,54,E,36.20911667,129.7649667
Aphrodita aculeata,가시고슴도치갯지렁이,270000001256,Aphrodita,고슴도치갯지렁이속,Aphroditidae,고슴도치갯지렁이과,Phyllodocida,부채발갯지렁이목,Polychaeta,다모강,Annelida,환형동물문,Animalia,동물계,33,54,51,N,127,34,60,E,33.91426389,127.5833028
Aphrodita aculeata,가시고슴도치갯지렁이,270000001256,Aphrodita,고슴도치갯지렁이속,Aphroditidae,고슴도치갯지렁이과,Phyllodocida,부채발갯지렁이목,Polychaeta,다모강,Annelida,환형동물문,Animalia,동물계,33,54,51,N,127,34,60,E,33.91426389,127.5833028
Bhawania goodei,갈색비늘갯지렁이,270000002236,Bhawania,갈색비늘갯지렁이속,Chrysopetalidae,등가시갯지렁이과,Phyllodocida,부채발갯지렁이목,Polychaeta,다모강,Annelida,환형동물문,Animalia,동물계,33,30,6,N,126,56,35,E,33.50152778,126.943025
Bhawania goodei,갈색비늘갯지렁이,270000002236,Bhawania,갈색비늘갯지렁이속,Chrysopetalidae,등가시갯지렁이과,Phyllodocida,부채발갯지렁이목,Polychaeta,다모강,Annelida,환형동물문,Animalia,동물계,33,30,6,N,126,56,35,E,33.50152778,126.943025
Bhawania goodei,갈색비늘갯지렁이,270000002236,Bhawania,갈색비늘갯지렁이속,Chrysopetalidae,등가시갯지렁이과,Phyllodocida,부채발갯지렁이목,Polychaeta,다모강,Annelida,환형동물문,Animalia,동물계,36,25,20,N,126,21,33,E,36.42208333,126.3590278
Chrysopetalum occidentale,황금비늘갯지렁이,270000003852,Chrysopetalum,황금비늘갯지렁이속,Chrysopetalidae,등가시갯지렁이과,Phyllodocida,부채발갯지렁이목,Polychaeta,다모강,Annelida,환형동물문,Animalia,동물계,34,53,8,N,128,57,4,E,34.88547222,128.9512139
Chrysopetalum occidentale,황금비늘갯지렁이,270000003852,Chrysopetalum,황금비늘갯지렁이속,Chrysopetalidae,등가시갯지렁이과,Phyllodocida,부채발갯지렁이목,Polychaeta,다모강,Annelida,환형동물문,Animalia,동물계,37,3,22,N,129,25,47,E,37.05621389,129.4297861
Chrysopetalum occidentale,황금비늘갯지렁이,270000003852,Chrysopetalum,황금비늘갯지렁이속,Chrysopetalidae,등가시갯지렁이과,Phyllodocida,부채발갯지렁이목,Polychaeta,다모강,Annelida,환형동물문,Animalia,동물계,36,42,46,N,129,28,39,E,36.71284444,129.4773694
Chrysopetalum occidentale,황금비늘갯지렁이,270000003852,Chrysopetalum,황금비늘갯지렁이속,Chrysopetalidae,등가시갯지렁이과,Phyllodocida,부채발갯지렁이목,Polychaeta,다모강,Annelida,환형동물문,Animalia,동물계,34,47,49,N,128,27,49,E,34.79696944,128.4635694
Glycera macintoshi,,270000007273,Glycera,참미갑갯지렁이속,Glyceridae,미갑갯지렁이과,Phyllodocida,부채발갯지렁이목,Polychaeta,다모강,Annelida,환형동물문,Animalia,동물계,35,18,39,N,129,16,11,E,35.31083333,129.2696111
Glycera macintoshi,,270000007273,Glycera,참미갑갯지렁이속,Glyceridae,미갑갯지렁이과,Phyllodocida,부채발갯지렁이목,Polychaeta,다모강,Annelida,환형동물문,Animalia,동물계,35,18,39,N,129,16,11,E,35.31083333,129.2696111
Glycera subaenea,청동미갑갯지렁이,270000007278,Glycera,참미갑갯지렁이속,Glyceridae,미갑갯지렁이과,Phyllodocida,부채발갯지렁이목,Polychaeta,다모강,Annelida,환형동물문,Animalia,동물계,36,13,16,N,126,31,37,E,36.22111111,126.527
Glycera capitata,큰머리미갑갯지렁이,270000007268,Glycera,참미갑갯지렁이속,Glyceridae,미갑갯지렁이과,Phyllodocida,부채발갯지렁이목,Polychaeta,다모강,Annelida,환형동물문,Animalia,동물계,35,47,3,N,129,30,2,E,35.78426389,129.5006889
Glycera fallax,구슬아가미미갑갯지렁이,270000007272,Glycera,참미갑갯지렁이속,Glyceridae,미갑갯지렁이과,Phyllodocida,부채발갯지렁이목,Polychaeta,다모강,Annelida,환형동물문,Animalia,동물계,6,2,18,N,116,6,41,E,6.038444444,116.1113889
Glycera robusta,,270000022581,Glycera,참미갑갯지렁이속,Glyceridae,미갑갯지렁이과,Phyllodocida,부채발갯지렁이목,Polychaeta,다모강,Annelida,환형동물문,Animalia,동물계,6,2,17,N,116,6,42,E,6.038027778,116.1117778
Glycera nicobarica,치로리미갑갯지렁이,270000007274,Glycera,참미갑갯지렁이속,Glyceridae,미갑갯지렁이과,Phyllodocida,부채발갯지렁이목,Polychaeta,다모강,Annelida,환형동물문,Animalia,동물계,37,26,50,N,126,22,17,E,37.44730556,126.3713889
Glycera fallax,구슬아가미미갑갯지렁이,270000007272,Glycera,참미갑갯지렁이속,Glyceridae,미갑갯지렁이과,Phyllodocida,부채발갯지렁이목,Polychaeta,다모강,Annelida,환형동물문,Animalia,동물계,34,52,21,N,127,44,35,E,34.87236667,127.7430361
Glycera fallax,구슬아가미미갑갯지렁이,270000007272,Glycera,참미갑갯지렁이속,Glyceridae,미갑갯지렁이과,Phyllodocida,부채발갯지렁이목,Polychaeta,다모강,Annelida,환형동물문,Animalia,동물계,33,59,2,N,126,21,4,E,33.98386667,126.3510639
Glycera fallax,구슬아가미미갑갯지렁이,270000007272,Glycera,참미갑갯지렁이속,Glyceridae,미갑갯지렁이과,Phyllodocida,부채발갯지렁이목,Polychaeta,다모강,Annelida,환형동물문,Animalia,동물계,36,7,40,N,126,35,23,E,36.12780556,126.5898056
Glycinde bonhourei,외돌기헛고리갯지렁이,270000007282,Glycinde,헛고리갯지렁이속,Goniadidae,고리갯지렁이과,Phyllodocida,부채발갯지렁이목,Polychaeta,다모강,Annelida,환형동물문,Animalia,동물계,35,18,39,N,129,16,11,E,35.31083333,129.2696111
Goniada japonica,큰갈매기고리갯지렁이,270000007328,Goniada,갈고리갯지렁이속,Goniadidae,고리갯지렁이과,Phyllodocida,부채발갯지렁이목,Polychaeta,다모강,Annelida,환형동물문,Animalia,동물계,34,41,29,N,127,47,40,E,34.6915,127.7944444
Hesione reticulata,그물등수염갯지렁이,270000008216,Hesione,등수염갯지렁이속,Hesionidae,수염갯지렁이과,Phyllodocida,부채발갯지렁이목,Polychaeta,다모강,Annelida,환형동물문,Animalia,동물계,34,54,23,N,128,1,43,E,34.90634167,128.0286611
Hesione reticulata,그물등수염갯지렁이,270000008216,Hesione,등수염갯지렁이속,Hesionidae,수염갯지렁이과,Phyllodocida,부채발갯지렁이목,Polychaeta,다모강,Annelida,환형동물문,Animalia,동물계,35,59,23,N,129,34,1,E,35.98961667,129.5668944
Hesione reticulata,그물등수염갯지렁이,270000008216,Hesione,등수염갯지렁이속,Hesionidae,수염갯지렁이과,Phyllodocida,부채발갯지렁이목,Polychaeta,다모강,Annelida,환형동물문,Animalia,동물계,34,54,23,N,128,1,43,E,34.90634167,128.0286611
Hesione reticulata,그물등수염갯지렁이,270000008216,Hesione,등수염갯지렁이속,Hesionidae,수염갯지렁이과,Phyllodocida,부채발갯지렁이목,Polychaeta,다모강,Annelida,환형동물문,Animalia,동물계,34,54,23,N,128,1,43,E,34.90634167,128.0286611
Hesione reticulata,그물등수염갯지렁이,270000008216,Hesione,등수염갯지렁이속,Hesionidae,수염갯지렁이과,Phyllodocida,부채발갯지렁이목,Polychaeta,다모강,Annelida,환형동물문,Animalia,동물계,34,54,23,N,128,1,43,E,34.90634167,128.0286611
Hesione reticulata,그물등수염갯지렁이,270000008216,Hesione,등수염갯지렁이속,Hesionidae,수염갯지렁이과,Phyllodocida,부채발갯지렁이목,Polychaeta,다모강,Annelida,환형동물문,Animalia,동물계,34,54,23,N,128,1,43,E,34.90634167,128.0286611
Hesione reticulata,그물등수염갯지렁이,270000008216,Hesione,등수염갯지렁이속,Hesionidae,수염갯지렁이과,Phyllodocida,부채발갯지렁이목,Polychaeta,다모강,Annelida,환형동물문,Animalia,동물계,34,54,23,N,128,1,43,E,34.90634167,128.0286611
Hesione reticulata,그물등수염갯지렁이,270000008216,Hesione,등수염갯지렁이속,Hesionidae,수염갯지렁이과,Phyllodocida,부채발갯지렁이목,Polychaeta,다모강,Annelida,환형동물문,Animalia,동물계,34,54,23,N,128,1,43,E,34.90634167,128.0286611
Hesione reticulata,그물등수염갯지렁이,270000008216,Hesione,등수염갯지렁이속,Hesionidae,수염갯지렁이과,Phyllodocida,부채발갯지렁이목,Polychaeta,다모강,Annelida,환형동물문,Animalia,동물계,33,13,6,N,126,30,51,E,33.21844722,126.51415
Leocratides kimuraorum,두돌기긴수염갯지렁이,270000027422,Leocratides,긴수염갯지렁이속,Hesionidae,수염갯지렁이과,Phyllodocida,부채발갯지렁이목,Polychaeta,다모강,Annelida,환형동물문,Animalia,동물계,33,35,26,N,127,24,53,E,33.590675,127.4148472
Leocratides kimuraorum,두돌기긴수염갯지렁이,270000027422,Leocratides,긴수염갯지렁이속,Hesionidae,수염갯지렁이과,Phyllodocida,부채발갯지렁이목,Polychaeta,다모강,Annelida,환형동물문,Animalia,동물계,33,35,26,N,127,24,53,E,33.590675,127.4148472
Leocratides kimuraorum,두돌기긴수염갯지렁이,270000027422,Leocratides,긴수염갯지렁이속,Hesionidae,수염갯지렁이과,Phyllodocida,부채발갯지렁이목,Polychaeta,다모강,Annelida,환형동물문,Animalia,동물계,33,35,26,N,127,24,53,E,33.590675,127.4148472
Leocratides kimuraorum,두돌기긴수염갯지렁이,270000027422,Leocratides,긴수염갯지렁이속,Hesionidae,수염갯지렁이과,Phyllodocida,부채발갯지렁이목,Polychaeta,다모강,Annelida,환형동물문,Animalia,동물계,33,35,26,N,127,24,53,E,33.590675,127.4148472
Micropodarke dubia,작은수염갯지렁이,270000010822,Micropodarke,작은수염갯지렁이속,Hesionidae,수염갯지렁이과,Phyllodocida,부채발갯지렁이목,Polychaeta,다모강,Annelida,환형동물문,Animalia,동물계,34,43,19,N,128,27,27,E,34.72184444,128.4574139
Micropodarke dubia,작은수염갯지렁이,270000010822,Micropodarke,작은수염갯지렁이속,Hesionidae,수염갯지렁이과,Phyllodocida,부채발갯지렁이목,Polychaeta,다모강,Annelida,환형동물문,Animalia,동물계,34,43,19,N,128,27,27,E,34.72184444,128.4574139
Micropodarke dubia,작은수염갯지렁이,270000010822,Micropodarke,작은수염갯지렁이속,Hesionidae,수염갯지렁이과,Phyllodocida,부채발갯지렁이목,Polychaeta,다모강,Annelida,환형동물문,Animalia,동물계,34,43,19,N,128,27,27,E,34.72184444,128.4574139
Micropodarke dubia,작은수염갯지렁이,270000010822,Micropodarke,작은수염갯지렁이속,Hesionidae,수염갯지렁이과,Phyllodocida,부채발갯지렁이목,Polychaeta,다모강,Annelida,환형동물문,Animalia,동물계,34,43,19,N,128,27,27,E,34.72184444,128.4574139
Micropodarke dubia,작은수염갯지렁이,270000010822,Micropodarke,작은수염갯지렁이속,Hesionidae,수염갯지렁이과,Phyllodocida,부채발갯지렁이목,Polychaeta,다모강,Annelida,환형동물문,Animalia,동물계,34,43,19,N,128,27,27,E,34.72184444,128.4574139
Micropodarke dubia,작은수염갯지렁이,270000010822,Micropodarke,작은수염갯지렁이속,Hesionidae,수염갯지렁이과,Phyllodocida,부채발갯지렁이목,Polychaeta,다모강,Annelida,환형동물문,Animalia,동물계,34,43,19,N,128,27,27,E,34.72184444,128.4574139
Micropodarke dubia,작은수염갯지렁이,270000010822,Micropodarke,작은수염갯지렁이속,Hesionidae,수염갯지렁이과,Phyllodocida,부채발갯지렁이목,Polychaeta,다모강,Annelida,환형동물문,Animalia,동물계,34,43,19,N,128,27,27,E,34.72184444,128.4574139
Micropodarke dubia,작은수염갯지렁이,270000010822,Micropodarke,작은수염갯지렁이속,Hesionidae,수염갯지렁이과,Phyllodocida,부채발갯지렁이목,Polychaeta,다모강,Annelida,환형동물문,Animalia,동물계,34,43,19,N,128,27,27,E,34.72184444,128.4574139
Micropodarke dubia,작은수염갯지렁이,270000010822,Micropodarke,작은수염갯지렁이속,Hesionidae,수염갯지렁이과,Phyllodocida,부채발갯지렁이목,Polychaeta,다모강,Annelida,환형동물문,Animalia,동물계,34,43,19,N,128,27,27,E,34.72184444,128.4574139
Micropodarke dubia,작은수염갯지렁이,270000010822,Micropodarke,작은수염갯지렁이속,Hesionidae,수염갯지렁이과,Phyllodocida,부채발갯지렁이목,Polychaeta,다모강,Annelida,환형동물문,Animalia,동물계,34,43,19,N,128,27,27,E,34.72184444,128.4574139
Oxydromus pallidus,,270000024052,Oxydromus,뱀수염갯지렁이속,Hesionidae,수염갯지렁이과,Phyllodocida,부채발갯지렁이목,Polychaeta,다모강,Annelida,환형동물문,Animalia,동물계,6,2,17,N,116,6,42,E,6.038027778,116.1117778
Iphione muricata,뾰족고운비늘갯지렁이,270000008747,Iphione,고운비늘갯지렁이속,Iphionidae,고운비늘갯지렁이과,Phyllodocida,부채발갯지렁이목,Polychaeta,다모강,Annelida,환형동물문,Animalia,동물계,6,3,50,N,116,4,37,E,6.063944444,116.0768611
Iphione ovata,,270000022866,Iphione,고운비늘갯지렁이속,Iphionidae,고운비늘갯지렁이과,Phyllodocida,부채발갯지렁이목,Polychaeta,다모강,Annelida,환형동물문,Animalia,동물계,6,3,50,N,116,4,37,E,6.063944444,116.0768611
Iphione ovata,,270000022866,Iphione,고운비늘갯지렁이속,Iphionidae,고운비늘갯지렁이과,Phyllodocida,부채발갯지렁이목,Polychaeta,다모강,Annelida,환형동물문,Animalia,동물계,6,3,50,N,116,4,37,E,6.063944444,116.0768611
Aglaophamus japonicus,,270000027824,Aglaophamus,납작백금갯지렁이속,Nephtyidae,백금갯지렁이과,Phyllodocida,부채발갯지렁이목,Polychaeta,다모강,Annelida,환형동물문,Animalia,동물계,35,29,49,N,129,26,19,E,35.49681667,129.4386333
Aglaophamus sinensis,납작백금갯지렁이,270000000487,Aglaophamus,납작백금갯지렁이속,Nephtyidae,백금갯지렁이과,Phyllodocida,부채발갯지렁이목,Polychaeta,다모강,Annelida,환형동물문,Animalia,동물계,36,13,16,N,126,31,37,E,36.22111111,126.527
Aglaophamus japonicus,,270000027824,Aglaophamus,납작백금갯지렁이속,Nephtyidae,백금갯지렁이과,Phyllodocida,부채발갯지렁이목,Polychaeta,다모강,Annelida,환형동물문,Animalia,동물계,35,29,49,N,129,26,19,E,35.49681667,129.4386333
Nephtys californiensis,매끈백금갯지렁이,270000011566,Nephtys,백금갯지렁이속,Nephtyidae,백금갯지렁이과,Phyllodocida,부채발갯지렁이목,Polychaeta,다모강,Annelida,환형동물문,Animalia,동물계,36,41,35,N,126,12,38,E,36.69294444,126.2106667
Nephtys neopolybranchia,짧은다리백금갯지렁이,270000011572,Nephtys,백금갯지렁이속,Nephtyidae,백금갯지렁이과,Phyllodocida,부채발갯지렁이목,Polychaeta,다모강,Annelida,환형동물문,Animalia,동물계,35,8,31,N,126,7,2,E,35.14180556,126.1171111
Alitta cf. brandti,,270000028427,Alitta,,Nereididae,참갯지렁이과,Phyllodocida,부채발갯지렁이목,Polychaeta,다모강,Annelida,환형동물문,Animalia,동물계,37,52,2,N,128,50,56,E,37.86730833,128.8488333
Cheilonereis cyclurus,목도리참갯지렁이,270000003595,Cheilonereis,목도리참갯지렁이속,Nereididae,참갯지렁이과,Phyllodocida,부채발갯지렁이목,Polychaeta,다모강,Annelida,환형동물문,Animalia,동물계,36,45,38,N,129,28,20,E,36.7606,129.4721694
Hediste atoka,,270000008059,Hediste,,Nereididae,참갯지렁이과,Phyllodocida,부채발갯지렁이목,Polychaeta,다모강,Annelida,환형동물문,Animalia,동물계,33,21,36,N,126,11,11,E,33.35991667,126.1863333
Hediste atoka,,270000008059,Hediste,,Nereididae,참갯지렁이과,Phyllodocida,부채발갯지렁이목,Polychaeta,다모강,Annelida,환형동물문,Animalia,동물계,6,2,17,N,116,6,42,E,6.038027778,116.1117778
Hediste diadroma,,270000008060,Hediste,,Nereididae,참갯지렁이과,Phyllodocida,부채발갯지렁이목,Polychaeta,다모강,Annelida,환형동물문,Animalia,동물계,6,2,17,N,116,6,42,E,6.038027778,116.1117778
Hediste limnicola,,270000028259,Hediste,,Nereididae,참갯지렁이과,Phyllodocida,부채발갯지렁이목,Polychaeta,다모강,Annelida,환형동물문,Animalia,동물계,44,35,34,N,123,56,30,W,44.59283889,-123.9415444
Hediste limnicola,,270000028259,Hediste,,Nereididae,참갯지렁이과,Phyllodocida,부채발갯지렁이목,Polychaeta,다모강,Annelida,환형동물문,Animalia,동물계,44,35,34,N,123,56,30,W,44.59283889,-123.9415444
Hediste limnicola,,270000028259,Hediste,,Nereididae,참갯지렁이과,Phyllodocida,부채발갯지렁이목,Polychaeta,다모강,Annelida,환형동물문,Animalia,동물계,44,35,34,N,123,56,30,W,44.59283889,-123.9415444
Hediste limnicola,,270000028259,Hediste,,Nereididae,참갯지렁이과,Phyllodocida,부채발갯지렁이목,Polychaeta,다모강,Annelida,환형동물문,Animalia,동물계,44,35,34,N,123,56,30,W,44.59283889,-123.9415444
Hediste limnicola,,270000028259,Hediste,,Nereididae,참갯지렁이과,Phyllodocida,부채발갯지렁이목,Polychaeta,다모강,Annelida,환형동물문,Animalia,동물계,44,35,34,N,123,56,30,W,44.59283889,-123.9415444
Hediste japonica,참갯지렁이,270000008061,Hediste,,Nereididae,참갯지렁이과,Phyllodocida,부채발갯지렁이목,Polychaeta,다모강,Annelida,환형동물문,Animalia,동물계,35,40,31,N,126,31,32,E,35.67539167,126.5256583
Hediste japonica,참갯지렁이,270000008061,Hediste,,Nereididae,참갯지렁이과,Phyllodocida,부채발갯지렁이목,Polychaeta,다모강,Annelida,환형동물문,Animalia,동물계,35,59,50,N,126,43,33,E,35.99719444,126.7259444
Hediste japonica,참갯지렁이,270000008061,Hediste,,Nereididae,참갯지렁이과,Phyllodocida,부채발갯지렁이목,Polychaeta,다모강,Annelida,환형동물문,Animalia,동물계,35,59,50,N,126,43,33,E,35.99719444,126.7259444
Hediste japonica,참갯지렁이,270000008061,Hediste,,Nereididae,참갯지렁이과,Phyllodocida,부채발갯지렁이목,Polychaeta,다모강,Annelida,환형동물문,Animalia,동물계,35,59,50,N,126,43,33,E,35.99719444,126.7259444
Hediste japonica,참갯지렁이,270000008061,Hediste,,Nereididae,참갯지렁이과,Phyllodocida,부채발갯지렁이목,Polychaeta,다모강,Annelida,환형동물문,Animalia,동물계,35,59,50,N,126,43,33,E,35.99719444,126.7259444
Hediste japonica,참갯지렁이,270000008061,Hediste,,Nereididae,참갯지렁이과,Phyllodocida,부채발갯지렁이목,Polychaeta,다모강,Annelida,환형동물문,Animalia,동물계,35,59,50,N,126,43,33,E,35.99719444,126.7259444
Hediste japonica,참갯지렁이,270000008061,Hediste,,Nereididae,참갯지렁이과,Phyllodocida,부채발갯지렁이목,Polychaeta,다모강,Annelida,환형동물문,Animalia,동물계,35,59,50,N,126,43,33,E,35.99719444,126.7259444
Hediste japonica,참갯지렁이,270000008061,Hediste,,Nereididae,참갯지렁이과,Phyllodocida,부채발갯지렁이목,Polychaeta,다모강,Annelida,환형동물문,Animalia,동물계,35,59,50,N,126,43,33,E,35.99719444,126.7259444
Hediste japonica,참갯지렁이,270000008061,Hediste,,Nereididae,참갯지렁이과,Phyllodocida,부채발갯지렁이목,Polychaeta,다모강,Annelida,환형동물문,Animalia,동물계,35,59,50,N,126,43,33,E,35.99719444,126.7259444
Hediste japonica,참갯지렁이,270000008061,Hediste,,Nereididae,참갯지렁이과,Phyllodocida,부채발갯지렁이목,Polychaeta,다모강,Annelida,환형동물문,Animalia,동물계,35,59,50,N,126,43,33,E,35.99719444,126.7259444
Hediste japonica,참갯지렁이,270000008061,Hediste,,Nereididae,참갯지렁이과,Phyllodocida,부채발갯지렁이목,Polychaeta,다모강,Annelida,환형동물문,Animalia,동물계,35,59,50,N,126,43,33,E,35.99719444,126.7259444
Nectoneanthes oxypoda,경남넓적발참갯지렁이,270000011394,Nectoneanthes,넓적발참갯지렁이속,Nereididae,참갯지렁이과,Phyllodocida,부채발갯지렁이목,Polychaeta,다모강,Annelida,환형동물문,Animalia,동물계,35,35,10,N,126,32,45,E,35.58613056,126.5459444
Nereis heterocirrata,굵은앞더듬이참갯지렁이,270000011605,Nereis,원참갯지렁이속,Nereididae,참갯지렁이과,Phyllodocida,부채발갯지렁이목,Polychaeta,다모강,Annelida,환형동물문,Animalia,동물계,35,6,20,N,126,3,56,E,35.10541667,126.0655278
Nereis pelagica,원참갯지렁이,270000011610,Nereis,원참갯지렁이속,Nereididae,참갯지렁이과,Phyllodocida,부채발갯지렁이목,Polychaeta,다모강,Annelida,환형동물문,Animalia,동물계,35,0,38,N,126,6,50,E,35.0105,126.1139167
Nereis pelagica,원참갯지렁이,270000011610,Nereis,원참갯지렁이속,Nereididae,참갯지렁이과,Phyllodocida,부채발갯지렁이목,Polychaeta,다모강,Annelida,환형동물문,Animalia,동물계,44,29,43,N,124,5,5,W,44.49521389,-124.0848222
Nereis pelagica,원참갯지렁이,270000011610,Nereis,원참갯지렁이속,Nereididae,참갯지렁이과,Phyllodocida,부채발갯지렁이목,Polychaeta,다모강,Annelida,환형동물문,Animalia,동물계,44,29,43,N,124,5,5,W,44.49521389,-124.0848222
Nereis pelagica,원참갯지렁이,270000011610,Nereis,원참갯지렁이속,Nereididae,참갯지렁이과,Phyllodocida,부채발갯지렁이목,Polychaeta,다모강,Annelida,환형동물문,Animalia,동물계,44,29,43,N,124,5,5,W,44.49521389,-124.0848222
Nereis pelagica,원참갯지렁이,270000011610,Nereis,원참갯지렁이속,Nereididae,참갯지렁이과,Phyllodocida,부채발갯지렁이목,Polychaeta,다모강,Annelida,환형동물문,Animalia,동물계,44,29,43,N,124,5,5,W,44.49521389,-124.0848222
Nereis pelagica,원참갯지렁이,270000011610,Nereis,원참갯지렁이속,Nereididae,참갯지렁이과,Phyllodocida,부채발갯지렁이목,Polychaeta,다모강,Annelida,환형동물문,Animalia,동물계,44,29,43,N,124,5,5,W,44.49521389,-124.0848222
Nereis pelagica,원참갯지렁이,270000011610,Nereis,원참갯지렁이속,Nereididae,참갯지렁이과,Phyllodocida,부채발갯지렁이목,Polychaeta,다모강,Annelida,환형동물문,Animalia,동물계,44,29,43,N,124,5,5,W,44.49521389,-124.0848222
Nereis pelagica,원참갯지렁이,270000011610,Nereis,원참갯지렁이속,Nereididae,참갯지렁이과,Phyllodocida,부채발갯지렁이목,Polychaeta,다모강,Annelida,환형동물문,Animalia,동물계,44,29,43,N,124,5,5,W,44.49521389,-124.0848222
Nereis pelagica,원참갯지렁이,270000011610,Nereis,원참갯지렁이속,Nereididae,참갯지렁이과,Phyllodocida,부채발갯지렁이목,Polychaeta,다모강,Annelida,환형동물문,Animalia,동물계,44,29,43,N,124,5,5,W,44.49521389,-124.0848222
Nereis neoneanthes,큰깨점박이참갯지렁이,270000011608,Nereis,원참갯지렁이속,Nereididae,참갯지렁이과,Phyllodocida,부채발갯지렁이목,Polychaeta,다모강,Annelida,환형동물문,Animalia,동물계,37,17,21,N,129,19,4,E,37.28918333,129.3178972
Nereis neoneanthes,큰깨점박이참갯지렁이,270000011608,Nereis,원참갯지렁이속,Nereididae,참갯지렁이과,Phyllodocida,부채발갯지렁이목,Polychaeta,다모강,Annelida,환형동물문,Animalia,동물계,37,17,21,N,129,19,4,E,37.28918333,129.3178972
Nereis neoneanthes,큰깨점박이참갯지렁이,270000011608,Nereis,원참갯지렁이속,Nereididae,참갯지렁이과,Phyllodocida,부채발갯지렁이목,Polychaeta,다모강,Annelida,환형동물문,Animalia,동물계,35,52,40,N,129,31,11,E,35.87785556,129.5197333
Nereis pelagica,원참갯지렁이,270000011610,Nereis,원참갯지렁이속,Nereididae,참갯지렁이과,Phyllodocida,부채발갯지렁이목,Polychaeta,다모강,Annelida,환형동물문,Animalia,동물계,36,0,56,N,129,35,23,E,36.01568611,129.5897861
Nereis neoneanthes,큰깨점박이참갯지렁이,270000011608,Nereis,원참갯지렁이속,Nereididae,참갯지렁이과,Phyllodocida,부채발갯지렁이목,Polychaeta,다모강,Annelida,환형동물문,Animalia,동물계,35,52,40,N,129,31,11,E,35.87785556,129.5197333
Nereis neoneanthes,큰깨점박이참갯지렁이,270000011608,Nereis,원참갯지렁이속,Nereididae,참갯지렁이과,Phyllodocida,부채발갯지렁이목,Polychaeta,다모강,Annelida,환형동물문,Animalia,동물계,36,42,46,N,129,28,39,E,36.71284444,129.4773694
Nereis pelagica,원참갯지렁이,270000011610,Nereis,원참갯지렁이속,Nereididae,참갯지렁이과,Phyllodocida,부채발갯지렁이목,Polychaeta,다모강,Annelida,환형동물문,Animalia,동물계,44,29,43,N,124,5,5,W,44.49521389,-124.0848222
Nereis pelagica,원참갯지렁이,270000011610,Nereis,원참갯지렁이속,Nereididae,참갯지렁이과,Phyllodocida,부채발갯지렁이목,Polychaeta,다모강,Annelida,환형동물문,Animalia,동물계,36,0,56,N,129,35,23,E,36.01568611,129.5897861
Nereis pelagica,원참갯지렁이,270000011610,Nereis,원참갯지렁이속,Nereididae,참갯지렁이과,Phyllodocida,부채발갯지렁이목,Polychaeta,다모강,Annelida,환형동물문,Animalia,동물계,36,0,56,N,129,35,23,E,36.01568611,129.5897861
Nereis pelagica,원참갯지렁이,270000011610,Nereis,원참갯지렁이속,Nereididae,참갯지렁이과,Phyllodocida,부채발갯지렁이목,Polychaeta,다모강,Annelida,환형동물문,Animalia,동물계,36,0,56,N,129,35,23,E,36.01568611,129.5897861
Nereis neoneanthes,큰깨점박이참갯지렁이,270000011608,Nereis,원참갯지렁이속,Nereididae,참갯지렁이과,Phyllodocida,부채발갯지렁이목,Polychaeta,다모강,Annelida,환형동물문,Animalia,동물계,37,3,22,N,129,25,47,E,37.05621389,129.4297861
Nereis,원참갯지렁이속,260000004505,Nereis,원참갯지렁이속,Nereididae,참갯지렁이과,Phyllodocida,부채발갯지렁이목,Polychaeta,다모강,Annelida,환형동물문,Animalia,동물계,33,30,6,N,126,56,35,E,33.50152778,126.943025
Nereis pelagica,원참갯지렁이,270000011610,Nereis,원참갯지렁이속,Nereididae,참갯지렁이과,Phyllodocida,부채발갯지렁이목,Polychaeta,다모강,Annelida,환형동물문,Animalia,동물계,34,53,8,N,128,57,4,E,34.88547222,128.9512139
Nereis neoneanthes,큰깨점박이참갯지렁이,270000011608,Nereis,원참갯지렁이속,Nereididae,참갯지렁이과,Phyllodocida,부채발갯지렁이목,Polychaeta,다모강,Annelida,환형동물문,Animalia,동물계,37,17,21,N,129,19,4,E,37.28918333,129.3178972
Nereis neoneanthes,큰깨점박이참갯지렁이,270000011608,Nereis,원참갯지렁이속,Nereididae,참갯지렁이과,Phyllodocida,부채발갯지렁이목,Polychaeta,다모강,Annelida,환형동물문,Animalia,동물계,37,17,21,N,129,19,4,E,37.28918333,129.3178972
Nereis neoneanthes,큰깨점박이참갯지렁이,270000011608,Nereis,원참갯지렁이속,Nereididae,참갯지렁이과,Phyllodocida,부채발갯지렁이목,Polychaeta,다모강,Annelida,환형동물문,Animalia,동물계,37,3,22,N,129,25,47,E,37.05621389,129.4297861
Nereis neoneanthes,큰깨점박이참갯지렁이,270000011608,Nereis,원참갯지렁이속,Nereididae,참갯지렁이과,Phyllodocida,부채발갯지렁이목,Polychaeta,다모강,Annelida,환형동물문,Animalia,동물계,37,17,21,N,129,19,4,E,37.28918333,129.3178972
Nereis neoneanthes,큰깨점박이참갯지렁이,270000011608,Nereis,원참갯지렁이속,Nereididae,참갯지렁이과,Phyllodocida,부채발갯지렁이목,Polychaeta,다모강,Annelida,환형동물문,Animalia,동물계,37,17,21,N,129,19,4,E,37.28918333,129.3178972
Nereis neoneanthes,큰깨점박이참갯지렁이,270000011608,Nereis,원참갯지렁이속,Nereididae,참갯지렁이과,Phyllodocida,부채발갯지렁이목,Polychaeta,다모강,Annelida,환형동물문,Animalia,동물계,36,30,44,N,129,27,3,E,36.51222778,129.4508694
Nereis neoneanthes,큰깨점박이참갯지렁이,270000011608,Nereis,원참갯지렁이속,Nereididae,참갯지렁이과,Phyllodocida,부채발갯지렁이목,Polychaeta,다모강,Annelida,환형동물문,Animalia,동물계,36,30,44,N,129,27,3,E,36.51222778,129.4508694
Nereis neoneanthes,큰깨점박이참갯지렁이,270000011608,Nereis,원참갯지렁이속,Nereididae,참갯지렁이과,Phyllodocida,부채발갯지렁이목,Polychaeta,다모강,Annelida,환형동물문,Animalia,동물계,37,17,21,N,129,19,4,E,37.28918333,129.3178972
Nereis pelagica,원참갯지렁이,270000011610,Nereis,원참갯지렁이속,Nereididae,참갯지렁이과,Phyllodocida,부채발갯지렁이목,Polychaeta,다모강,Annelida,환형동물문,Animalia,동물계,34,53,8,N,128,57,4,E,34.88547222,128.9512139
Nereis neoneanthes,큰깨점박이참갯지렁이,270000011608,Nereis,원참갯지렁이속,Nereididae,참갯지렁이과,Phyllodocida,부채발갯지렁이목,Polychaeta,다모강,Annelida,환형동물문,Animalia,동물계,35,52,40,N,129,31,11,E,35.87785556,129.5197333
Nereis neoneanthes,큰깨점박이참갯지렁이,270000011608,Nereis,원참갯지렁이속,Nereididae,참갯지렁이과,Phyllodocida,부채발갯지렁이목,Polychaeta,다모강,Annelida,환형동물문,Animalia,동물계,35,52,40,N,129,31,11,E,35.87785556,129.5197333
Nereis neoneanthes,큰깨점박이참갯지렁이,270000011608,Nereis,원참갯지렁이속,Nereididae,참갯지렁이과,Phyllodocida,부채발갯지렁이목,Polychaeta,다모강,Annelida,환형동물문,Animalia,동물계,35,52,40,N,129,31,11,E,35.87785556,129.5197333
Nereis neoneanthes,큰깨점박이참갯지렁이,270000011608,Nereis,원참갯지렁이속,Nereididae,참갯지렁이과,Phyllodocida,부채발갯지렁이목,Polychaeta,다모강,Annelida,환형동물문,Animalia,동물계,35,52,40,N,129,31,11,E,35.87785556,129.5197333
Nereis pelagica,원참갯지렁이,270000011610,Nereis,원참갯지렁이속,Nereididae,참갯지렁이과,Phyllodocida,부채발갯지렁이목,Polychaeta,다모강,Annelida,환형동물문,Animalia,동물계,36,30,44,N,129,27,3,E,36.51222778,129.4508694
Nereis pelagica,원참갯지렁이,270000011610,Nereis,원참갯지렁이속,Nereididae,참갯지렁이과,Phyllodocida,부채발갯지렁이목,Polychaeta,다모강,Annelida,환형동물문,Animalia,동물계,36,0,56,N,129,35,23,E,36.01568611,129.5897861
Nereis neoneanthes,큰깨점박이참갯지렁이,270000011608,Nereis,원참갯지렁이속,Nereididae,참갯지렁이과,Phyllodocida,부채발갯지렁이목,Polychaeta,다모강,Annelida,환형동물문,Animalia,동물계,35,52,40,N,129,31,11,E,35.87785556,129.5197333
Nicon sinica,중국민숭참갯지렁이,270000011663,Nicon,,Nereididae,참갯지렁이과,Phyllodocida,부채발갯지렁이목,Polychaeta,다모강,Annelida,환형동물문,Animalia,동물계,32,44,47,N,126,24,29,E,32.74625556,126.4079806
Nicon sinica,중국민숭참갯지렁이,270000011663,Nicon,,Nereididae,참갯지렁이과,Phyllodocida,부채발갯지렁이목,Polychaeta,다모강,Annelida,환형동물문,Animalia,동물계,32,44,47,N,126,24,29,E,32.74625556,126.4079806
Nicon sinica,중국민숭참갯지렁이,270000011663,Nicon,,Nereididae,참갯지렁이과,Phyllodocida,부채발갯지렁이목,Polychaeta,다모강,Annelida,환형동물문,Animalia,동물계,32,44,47,N,126,24,29,E,32.74625556,126.4079806
Paraleonnates uschakovi,흰이빨참갯지렁이,270000012831,Paraleonnates,,Nereididae,참갯지렁이과,Phyllodocida,부채발갯지렁이목,Polychaeta,다모강,Annelida,환형동물문,Animalia,동물계,37,35,20,N,126,30,6,E,37.58888889,126.5016667
Paraleonnates uschakovi,흰이빨참갯지렁이,270000012831,Paraleonnates,,Nereididae,참갯지렁이과,Phyllodocida,부채발갯지렁이목,Polychaeta,다모강,Annelida,환형동물문,Animalia,동물계,36,1,13,N,126,39,51,E,36.02015,126.6642028
Perinereis mictodonta,긴눈썹참갯지렁이,270000013339,Perinereis,눈썹참갯지렁이속,Nereididae,참갯지렁이과,Phyllodocida,부채발갯지렁이목,Polychaeta,다모강,Annelida,환형동물문,Animalia,동물계,34,45,7,N,126,1,46,E,34.75198333,126.0293639
Perinereis mictodonta,긴눈썹참갯지렁이,270000013339,Perinereis,눈썹참갯지렁이속,Nereididae,참갯지렁이과,Phyllodocida,부채발갯지렁이목,Polychaeta,다모강,Annelida,환형동물문,Animalia,동물계,34,46,37,N,126,7,8,E,34.77684444,126.1189222
Perinereis euiini,한토막눈썹참갯지렁이,270000024058,Perinereis,눈썹참갯지렁이속,Nereididae,참갯지렁이과,Phyllodocida,부채발갯지렁이목,Polychaeta,다모강,Annelida,환형동물문,Animalia,동물계,36,13,13,N,126,31,45,E,36.22027778,126.5291667
Perinereis mictodonta,긴눈썹참갯지렁이,270000013339,Perinereis,눈썹참갯지렁이속,Nereididae,참갯지렁이과,Phyllodocida,부채발갯지렁이목,Polychaeta,다모강,Annelida,환형동물문,Animalia,동물계,34,46,37,N,126,7,8,E,34.77684444,126.1189222
Perinereis mictodonta,긴눈썹참갯지렁이,270000013339,Perinereis,눈썹참갯지렁이속,Nereididae,참갯지렁이과,Phyllodocida,부채발갯지렁이목,Polychaeta,다모강,Annelida,환형동물문,Animalia,동물계,34,58,0,N,126,23,11,E,34.96678611,126.3863167
Perinereis mictodonta,긴눈썹참갯지렁이,270000013339,Perinereis,눈썹참갯지렁이속,Nereididae,참갯지렁이과,Phyllodocida,부채발갯지렁이목,Polychaeta,다모강,Annelida,환형동물문,Animalia,동물계,34,46,37,N,126,7,8,E,34.77684444,126.1189222
Perinereis mictodonta,긴눈썹참갯지렁이,270000013339,Perinereis,눈썹참갯지렁이속,Nereididae,참갯지렁이과,Phyllodocida,부채발갯지렁이목,Polychaeta,다모강,Annelida,환형동물문,Animalia,동물계,34,58,0,N,126,23,11,E,34.96678611,126.3863167
Perinereis mictodonta,긴눈썹참갯지렁이,270000013339,Perinereis,눈썹참갯지렁이속,Nereididae,참갯지렁이과,Phyllodocida,부채발갯지렁이목,Polychaeta,다모강,Annelida,환형동물문,Animalia,동물계,34,23,45,N,126,16,33,E,34.39576111,126.2757639
Perinereis linea,두토막눈썹참갯지렁이,270000013338,Perinereis,눈썹참갯지렁이속,Nereididae,참갯지렁이과,Phyllodocida,부채발갯지렁이목,Polychaeta,다모강,Annelida,환형동물문,Animalia,동물계,36,0,35,N,126,36,44,E,36.00983333,126.6121667
Perinereis linea,두토막눈썹참갯지렁이,270000013338,Perinereis,눈썹참갯지렁이속,Nereididae,참갯지렁이과,Phyllodocida,부채발갯지렁이목,Polychaeta,다모강,Annelida,환형동물문,Animalia,동물계,36,0,35,N,126,36,44,E,36.00983333,126.6121667
Perinereis wilsoni,긴수염눈썹참갯지렁이,270000013343,Perinereis,눈썹참갯지렁이속,Nereididae,참갯지렁이과,Phyllodocida,부채발갯지렁이목,Polychaeta,다모강,Annelida,환형동물문,Animalia,동물계,34,28,58,N,127,48,26,E,34.482875,127.8071611
Perinereis linea,두토막눈썹참갯지렁이,270000013338,Perinereis,눈썹참갯지렁이속,Nereididae,참갯지렁이과,Phyllodocida,부채발갯지렁이목,Polychaeta,다모강,Annelida,환형동물문,Animalia,동물계,36,0,35,N,126,36,44,E,36.00983333,126.6121667
Perinereis linea,두토막눈썹참갯지렁이,270000013338,Perinereis,눈썹참갯지렁이속,Nereididae,참갯지렁이과,Phyllodocida,부채발갯지렁이목,Polychaeta,다모강,Annelida,환형동물문,Animalia,동물계,36,0,35,N,126,36,44,E,36.00983333,126.6121667
Perinereis linea,두토막눈썹참갯지렁이,270000013338,Perinereis,눈썹참갯지렁이속,Nereididae,참갯지렁이과,Phyllodocida,부채발갯지렁이목,Polychaeta,다모강,Annelida,환형동물문,Animalia,동물계,36,0,35,N,126,36,4,E,36.00983333,126.6010556
Perinereis linea,두토막눈썹참갯지렁이,270000013338,Perinereis,눈썹참갯지렁이속,Nereididae,참갯지렁이과,Phyllodocida,부채발갯지렁이목,Polychaeta,다모강,Annelida,환형동물문,Animalia,동물계,36,0,35,N,126,36,44,E,36.00983333,126.6121667
Perinereis linea,두토막눈썹참갯지렁이,270000013338,Perinereis,눈썹참갯지렁이속,Nereididae,참갯지렁이과,Phyllodocida,부채발갯지렁이목,Polychaeta,다모강,Annelida,환형동물문,Animalia,동물계,36,0,35,N,126,36,44,E,36.00983333,126.6121667
Perinereis linea,두토막눈썹참갯지렁이,270000013338,Perinereis,눈썹참갯지렁이속,Nereididae,참갯지렁이과,Phyllodocida,부채발갯지렁이목,Polychaeta,다모강,Annelida,환형동물문,Animalia,동물계,36,0,35,N,126,36,44,E,36.00983333,126.6121667
Perinereis linea,두토막눈썹참갯지렁이,270000013338,Perinereis,눈썹참갯지렁이속,Nereididae,참갯지렁이과,Phyllodocida,부채발갯지렁이목,Polychaeta,다모강,Annelida,환형동물문,Animalia,동물계,36,0,35,N,126,36,44,E,36.00983333,126.6121667
Perinereis linea,두토막눈썹참갯지렁이,270000013338,Perinereis,눈썹참갯지렁이속,Nereididae,참갯지렁이과,Phyllodocida,부채발갯지렁이목,Polychaeta,다모강,Annelida,환형동물문,Animalia,동물계,36,0,35,N,126,36,44,E,36.00983333,126.6121667
Perinereis mictodonta,긴눈썹참갯지렁이,270000013339,Perinereis,눈썹참갯지렁이속,Nereididae,참갯지렁이과,Phyllodocida,부채발갯지렁이목,Polychaeta,다모강,Annelida,환형동물문,Animalia,동물계,34,42,9,N,126,6,55,E,34.70253333,126.1151694
Perinereis mictodonta,긴눈썹참갯지렁이,270000013339,Perinereis,눈썹참갯지렁이속,Nereididae,참갯지렁이과,Phyllodocida,부채발갯지렁이목,Polychaeta,다모강,Annelida,환형동물문,Animalia,동물계,34,42,9,N,126,6,55,E,34.70253333,126.1151694
Perinereis mictodonta,긴눈썹참갯지렁이,270000013339,Perinereis,눈썹참갯지렁이속,Nereididae,참갯지렁이과,Phyllodocida,부채발갯지렁이목,Polychaeta,다모강,Annelida,환형동물문,Animalia,동물계,34,42,9,N,126,6,55,E,34.70253333,126.1151694
Perinereis euiini,한토막눈썹참갯지렁이,270000024058,Perinereis,눈썹참갯지렁이속,Nereididae,참갯지렁이과,Phyllodocida,부채발갯지렁이목,Polychaeta,다모강,Annelida,환형동물문,Animalia,동물계,34,48,50,N,126,1,46,E,34.81390556,126.0293861
Perinereis mictodonta,긴눈썹참갯지렁이,270000013339,Perinereis,눈썹참갯지렁이속,Nereididae,참갯지렁이과,Phyllodocida,부채발갯지렁이목,Polychaeta,다모강,Annelida,환형동물문,Animalia,동물계,34,42,9,N,126,6,55,E,34.70253333,126.1151694
Perinereis nuntia,눈썹참갯지렁이,270000013340,Perinereis,눈썹참갯지렁이속,Nereididae,참갯지렁이과,Phyllodocida,부채발갯지렁이목,Polychaeta,다모강,Annelida,환형동물문,Animalia,동물계,6,2,17,N,116,6,42,E,6.038027778,116.1117778
Perinereis nuntia,눈썹참갯지렁이,270000013340,Perinereis,눈썹참갯지렁이속,Nereididae,참갯지렁이과,Phyllodocida,부채발갯지렁이목,Polychaeta,다모강,Annelida,환형동물문,Animalia,동물계,6,2,17,N,116,6,42,E,6.038027778,116.1117778
Perinereis nuntia,눈썹참갯지렁이,270000013340,Perinereis,눈썹참갯지렁이속,Nereididae,참갯지렁이과,Phyllodocida,부채발갯지렁이목,Polychaeta,다모강,Annelida,환형동물문,Animalia,동물계,6,2,17,N,116,6,42,E,6.038027778,116.1117778
Perinereis mictodonta,긴눈썹참갯지렁이,270000013339,Perinereis,눈썹참갯지렁이속,Nereididae,참갯지렁이과,Phyllodocida,부채발갯지렁이목,Polychaeta,다모강,Annelida,환형동물문,Animalia,동물계,34,45,24,N,128,32,19,E,34.75668333,128.5386389
Perinereis nuntia,눈썹참갯지렁이,270000013340,Perinereis,눈썹참갯지렁이속,Nereididae,참갯지렁이과,Phyllodocida,부채발갯지렁이목,Polychaeta,다모강,Annelida,환형동물문,Animalia,동물계,6,2,17,N,116,6,42,E,6.038027778,116.1117778
Perinereis nuntia,눈썹참갯지렁이,270000013340,Perinereis,눈썹참갯지렁이속,Nereididae,참갯지렁이과,Phyllodocida,부채발갯지렁이목,Polychaeta,다모강,Annelida,환형동물문,Animalia,동물계,6,2,17,N,116,6,42,E,6.038027778,116.1117778
Perinereis nuntia,눈썹참갯지렁이,270000013340,Perinereis,눈썹참갯지렁이속,Nereididae,참갯지렁이과,Phyllodocida,부채발갯지렁이목,Polychaeta,다모강,Annelida,환형동물문,Animalia,동물계,6,2,17,N,116,6,42,E,6.038027778,116.1117778
Perinereis nuntia,눈썹참갯지렁이,270000013340,Perinereis,눈썹참갯지렁이속,Nereididae,참갯지렁이과,Phyllodocida,부채발갯지렁이목,Polychaeta,다모강,Annelida,환형동물문,Animalia,동물계,6,2,17,N,116,6,42,E,6.038027778,116.1117778
Perinereis mictodonta,긴눈썹참갯지렁이,270000013339,Perinereis,눈썹참갯지렁이속,Nereididae,참갯지렁이과,Phyllodocida,부채발갯지렁이목,Polychaeta,다모강,Annelida,환형동물문,Animalia,동물계,34,45,24,N,128,32,19,E,34.75668333,128.5386389
Perinereis mictodonta,긴눈썹참갯지렁이,270000013339,Perinereis,눈썹참갯지렁이속,Nereididae,참갯지렁이과,Phyllodocida,부채발갯지렁이목,Polychaeta,다모강,Annelida,환형동물문,Animalia,동물계,34,45,24,N,128,32,19,E,34.75668333,128.5386389
Perinereis mictodonta,긴눈썹참갯지렁이,270000013339,Perinereis,눈썹참갯지렁이속,Nereididae,참갯지렁이과,Phyllodocida,부채발갯지렁이목,Polychaeta,다모강,Annelida,환형동물문,Animalia,동물계,34,45,24,N,128,32,19,E,34.75668333,128.5386389
Perinereis euiini,한토막눈썹참갯지렁이,270000024058,Perinereis,눈썹참갯지렁이속,Nereididae,참갯지렁이과,Phyllodocida,부채발갯지렁이목,Polychaeta,다모강,Annelida,환형동물문,Animalia,동물계,35,59,23,N,129,34,1,E,35.98961667,129.5668944
Perinereis mictodonta,긴눈썹참갯지렁이,270000013339,Perinereis,눈썹참갯지렁이속,Nereididae,참갯지렁이과,Phyllodocida,부채발갯지렁이목,Polychaeta,다모강,Annelida,환형동물문,Animalia,동물계,34,45,24,N,128,32,19,E,34.75668333,128.5386389
Perinereis mictodonta,긴눈썹참갯지렁이,270000013339,Perinereis,눈썹참갯지렁이속,Nereididae,참갯지렁이과,Phyllodocida,부채발갯지렁이목,Polychaeta,다모강,Annelida,환형동물문,Animalia,동물계,34,45,24,N,128,32,19,E,34.75668333,128.5386389
Perinereis mictodonta,긴눈썹참갯지렁이,270000013339,Perinereis,눈썹참갯지렁이속,Nereididae,참갯지렁이과,Phyllodocida,부채발갯지렁이목,Polychaeta,다모강,Annelida,환형동물문,Animalia,동물계,34,45,24,N,128,32,19,E,34.75668333,128.5386389
Perinereis mictodonta,긴눈썹참갯지렁이,270000013339,Perinereis,눈썹참갯지렁이속,Nereididae,참갯지렁이과,Phyllodocida,부채발갯지렁이목,Polychaeta,다모강,Annelida,환형동물문,Animalia,동물계,34,45,24,N,128,32,19,E,34.75668333,128.5386389
Perinereis mictodonta,긴눈썹참갯지렁이,270000013339,Perinereis,눈썹참갯지렁이속,Nereididae,참갯지렁이과,Phyllodocida,부채발갯지렁이목,Polychaeta,다모강,Annelida,환형동물문,Animalia,동물계,34,45,24,N,128,32,19,E,34.75668333,128.5386389
Perinereis wilsoni,긴수염눈썹참갯지렁이,270000013343,Perinereis,눈썹참갯지렁이속,Nereididae,참갯지렁이과,Phyllodocida,부채발갯지렁이목,Polychaeta,다모강,Annelida,환형동물문,Animalia,동물계,34,43,16,N,127,42,18,E,34.72122222,127.7050361
Perinereis nuntia,눈썹참갯지렁이,270000013340,Perinereis,눈썹참갯지렁이속,Nereididae,참갯지렁이과,Phyllodocida,부채발갯지렁이목,Polychaeta,다모강,Annelida,환형동물문,Animalia,동물계,34,53,11,N,127,44,56,E,34.886325,127.7488833
Perinereis mictodonta,긴눈썹참갯지렁이,270000013339,Perinereis,눈썹참갯지렁이속,Nereididae,참갯지렁이과,Phyllodocida,부채발갯지렁이목,Polychaeta,다모강,Annelida,환형동물문,Animalia,동물계,34,45,24,N,128,32,19,E,34.75668333,128.5386389
Platynereis bicanaliculata,두점참갯지렁이,270000013882,Platynereis,좁쌀이빨참갯지렁이속,Nereididae,참갯지렁이과,Phyllodocida,부채발갯지렁이목,Polychaeta,다모강,Annelida,환형동물문,Animalia,동물계,36,42,46,N,129,28,39,E,36.71284444,129.4773694
Platynereis bicanaliculata,두점참갯지렁이,270000013882,Platynereis,좁쌀이빨참갯지렁이속,Nereididae,참갯지렁이과,Phyllodocida,부채발갯지렁이목,Polychaeta,다모강,Annelida,환형동물문,Animalia,동물계,37,17,21,N,129,19,4,E,37.28918333,129.3178972
Platynereis bicanaliculata,두점참갯지렁이,270000013882,Platynereis,좁쌀이빨참갯지렁이속,Nereididae,참갯지렁이과,Phyllodocida,부채발갯지렁이목,Polychaeta,다모강,Annelida,환형동물문,Animalia,동물계,33,30,6,N,126,56,35,E,33.50152778,126.943025
Platynereis bicanaliculata,두점참갯지렁이,270000013882,Platynereis,좁쌀이빨참갯지렁이속,Nereididae,참갯지렁이과,Phyllodocida,부채발갯지렁이목,Polychaeta,다모강,Annelida,환형동물문,Animalia,동물계,33,30,6,N,126,56,35,E,33.50152778,126.943025
Platynereis bicanaliculata,두점참갯지렁이,270000013882,Platynereis,좁쌀이빨참갯지렁이속,Nereididae,참갯지렁이과,Phyllodocida,부채발갯지렁이목,Polychaeta,다모강,Annelida,환형동물문,Animalia,동물계,44,36,58,N,124,3,46,W,44.6162,-124.0627611
Platynereis bicanaliculata,두점참갯지렁이,270000013882,Platynereis,좁쌀이빨참갯지렁이속,Nereididae,참갯지렁이과,Phyllodocida,부채발갯지렁이목,Polychaeta,다모강,Annelida,환형동물문,Animalia,동물계,36,42,46,N,129,28,39,E,36.71284444,129.4773694
Platynereis bicanaliculata,두점참갯지렁이,270000013882,Platynereis,좁쌀이빨참갯지렁이속,Nereididae,참갯지렁이과,Phyllodocida,부채발갯지렁이목,Polychaeta,다모강,Annelida,환형동물문,Animalia,동물계,37,17,21,N,129,19,4,E,37.28918333,129.3178972
Platynereis bicanaliculata,두점참갯지렁이,270000013882,Platynereis,좁쌀이빨참갯지렁이속,Nereididae,참갯지렁이과,Phyllodocida,부채발갯지렁이목,Polychaeta,다모강,Annelida,환형동물문,Animalia,동물계,37,17,21,N,129,19,4,E,37.28918333,129.3178972
Platynereis bicanaliculata,두점참갯지렁이,270000013882,Platynereis,좁쌀이빨참갯지렁이속,Nereididae,참갯지렁이과,Phyllodocida,부채발갯지렁이목,Polychaeta,다모강,Annelida,환형동물문,Animalia,동물계,37,17,21,N,129,19,4,E,37.28918333,129.3178972
Platynereis bicanaliculata,두점참갯지렁이,270000013882,Platynereis,좁쌀이빨참갯지렁이속,Nereididae,참갯지렁이과,Phyllodocida,부채발갯지렁이목,Polychaeta,다모강,Annelida,환형동물문,Animalia,동물계,37,17,21,N,129,19,4,E,37.28918333,129.3178972
Platynereis bicanaliculata,두점참갯지렁이,270000013882,Platynereis,좁쌀이빨참갯지렁이속,Nereididae,참갯지렁이과,Phyllodocida,부채발갯지렁이목,Polychaeta,다모강,Annelida,환형동물문,Animalia,동물계,37,17,21,N,129,19,4,E,37.28918333,129.3178972
Platynereis bicanaliculata,두점참갯지렁이,270000013882,Platynereis,좁쌀이빨참갯지렁이속,Nereididae,참갯지렁이과,Phyllodocida,부채발갯지렁이목,Polychaeta,다모강,Annelida,환형동물문,Animalia,동물계,37,17,21,N,129,19,4,E,37.28918333,129.3178972
Platynereis bicanaliculata,두점참갯지렁이,270000013882,Platynereis,좁쌀이빨참갯지렁이속,Nereididae,참갯지렁이과,Phyllodocida,부채발갯지렁이목,Polychaeta,다모강,Annelida,환형동물문,Animalia,동물계,36,42,46,N,129,28,39,E,36.71284444,129.4773694
Platynereis bicanaliculata,두점참갯지렁이,270000013882,Platynereis,좁쌀이빨참갯지렁이속,Nereididae,참갯지렁이과,Phyllodocida,부채발갯지렁이목,Polychaeta,다모강,Annelida,환형동물문,Animalia,동물계,37,17,21,N,129,19,4,E,37.28918333,129.3178972
Platynereis bicanaliculata,두점참갯지렁이,270000013882,Platynereis,좁쌀이빨참갯지렁이속,Nereididae,참갯지렁이과,Phyllodocida,부채발갯지렁이목,Polychaeta,다모강,Annelida,환형동물문,Animalia,동물계,37,17,21,N,129,19,4,E,37.28918333,129.3178972
Platynereis bicanaliculata,두점참갯지렁이,270000013882,Platynereis,좁쌀이빨참갯지렁이속,Nereididae,참갯지렁이과,Phyllodocida,부채발갯지렁이목,Polychaeta,다모강,Annelida,환형동물문,Animalia,동물계,37,17,21,N,129,19,4,E,37.28918333,129.3178972
Platynereis bicanaliculata,두점참갯지렁이,270000013882,Platynereis,좁쌀이빨참갯지렁이속,Nereididae,참갯지렁이과,Phyllodocida,부채발갯지렁이목,Polychaeta,다모강,Annelida,환형동물문,Animalia,동물계,37,17,21,N,129,19,4,E,37.28918333,129.3178972
Platynereis dumerilii,곱사참갯지렁이,270000013883,Platynereis,좁쌀이빨참갯지렁이속,Nereididae,참갯지렁이과,Phyllodocida,부채발갯지렁이목,Polychaeta,다모강,Annelida,환형동물문,Animalia,동물계,6,3,50,N,116,4,37,E,6.063944444,116.0768611
Platynereis bicanaliculata,두점참갯지렁이,270000013882,Platynereis,좁쌀이빨참갯지렁이속,Nereididae,참갯지렁이과,Phyllodocida,부채발갯지렁이목,Polychaeta,다모강,Annelida,환형동물문,Animalia,동물계,44,36,58,N,124,3,46,W,44.6162,-124.0627611
Platynereis bicanaliculata,두점참갯지렁이,270000013882,Platynereis,좁쌀이빨참갯지렁이속,Nereididae,참갯지렁이과,Phyllodocida,부채발갯지렁이목,Polychaeta,다모강,Annelida,환형동물문,Animalia,동물계,44,36,58,N,124,3,46,W,44.6162,-124.0627611
Platynereis bicanaliculata,두점참갯지렁이,270000013882,Platynereis,좁쌀이빨참갯지렁이속,Nereididae,참갯지렁이과,Phyllodocida,부채발갯지렁이목,Polychaeta,다모강,Annelida,환형동물문,Animalia,동물계,44,36,58,N,124,3,46,W,44.6162,-124.0627611
Platynereis bicanaliculata,두점참갯지렁이,270000013882,Platynereis,좁쌀이빨참갯지렁이속,Nereididae,참갯지렁이과,Phyllodocida,부채발갯지렁이목,Polychaeta,다모강,Annelida,환형동물문,Animalia,동물계,44,36,58,N,124,3,46,W,44.6162,-124.0627611
Platynereis bicanaliculata,두점참갯지렁이,270000013882,Platynereis,좁쌀이빨참갯지렁이속,Nereididae,참갯지렁이과,Phyllodocida,부채발갯지렁이목,Polychaeta,다모강,Annelida,환형동물문,Animalia,동물계,44,36,58,N,124,3,46,W,44.6162,-124.0627611
Platynereis bicanaliculata,두점참갯지렁이,270000013882,Platynereis,좁쌀이빨참갯지렁이속,Nereididae,참갯지렁이과,Phyllodocida,부채발갯지렁이목,Polychaeta,다모강,Annelida,환형동물문,Animalia,동물계,44,36,58,N,124,3,46,W,44.6162,-124.0627611
Platynereis bicanaliculata,두점참갯지렁이,270000013882,Platynereis,좁쌀이빨참갯지렁이속,Nereididae,참갯지렁이과,Phyllodocida,부채발갯지렁이목,Polychaeta,다모강,Annelida,환형동물문,Animalia,동물계,44,36,58,N,124,3,46,W,44.6162,-124.0627611
Platynereis bicanaliculata,두점참갯지렁이,270000013882,Platynereis,좁쌀이빨참갯지렁이속,Nereididae,참갯지렁이과,Phyllodocida,부채발갯지렁이목,Polychaeta,다모강,Annelida,환형동물문,Animalia,동물계,44,36,58,N,124,3,46,W,44.6162,-124.0627611
Platynereis bicanaliculata,두점참갯지렁이,270000013882,Platynereis,좁쌀이빨참갯지렁이속,Nereididae,참갯지렁이과,Phyllodocida,부채발갯지렁이목,Polychaeta,다모강,Annelida,환형동물문,Animalia,동물계,44,36,58,N,124,3,46,W,44.6162,-124.0627611
Platynereis bicanaliculata,두점참갯지렁이,270000013882,Platynereis,좁쌀이빨참갯지렁이속,Nereididae,참갯지렁이과,Phyllodocida,부채발갯지렁이목,Polychaeta,다모강,Annelida,환형동물문,Animalia,동물계,44,36,58,N,124,3,46,W,44.6162,-124.0627611
Platynereis bicanaliculata,두점참갯지렁이,270000013882,Platynereis,좁쌀이빨참갯지렁이속,Nereididae,참갯지렁이과,Phyllodocida,부채발갯지렁이목,Polychaeta,다모강,Annelida,환형동물문,Animalia,동물계,44,36,58,N,124,3,46,W,44.6162,-124.0627611
Platynereis bicanaliculata,두점참갯지렁이,270000013882,Platynereis,좁쌀이빨참갯지렁이속,Nereididae,참갯지렁이과,Phyllodocida,부채발갯지렁이목,Polychaeta,다모강,Annelida,환형동물문,Animalia,동물계,44,36,58,N,124,3,46,W,44.6162,-124.0627611
Platynereis bicanaliculata,두점참갯지렁이,270000013882,Platynereis,좁쌀이빨참갯지렁이속,Nereididae,참갯지렁이과,Phyllodocida,부채발갯지렁이목,Polychaeta,다모강,Annelida,환형동물문,Animalia,동물계,44,36,58,N,124,3,46,W,44.6162,-124.0627611
Platynereis bicanaliculata,두점참갯지렁이,270000013882,Platynereis,좁쌀이빨참갯지렁이속,Nereididae,참갯지렁이과,Phyllodocida,부채발갯지렁이목,Polychaeta,다모강,Annelida,환형동물문,Animalia,동물계,44,36,58,N,124,3,46,W,44.6162,-124.0627611
Platynereis bicanaliculata,두점참갯지렁이,270000013882,Platynereis,좁쌀이빨참갯지렁이속,Nereididae,참갯지렁이과,Phyllodocida,부채발갯지렁이목,Polychaeta,다모강,Annelida,환형동물문,Animalia,동물계,44,36,58,N,124,3,46,W,44.6162,-124.0627611
Platynereis bicanaliculata,두점참갯지렁이,270000013882,Platynereis,좁쌀이빨참갯지렁이속,Nereididae,참갯지렁이과,Phyllodocida,부채발갯지렁이목,Polychaeta,다모강,Annelida,환형동물문,Animalia,동물계,44,36,58,N,124,3,46,W,44.6162,-124.0627611
Platynereis bicanaliculata,두점참갯지렁이,270000013882,Platynereis,좁쌀이빨참갯지렁이속,Nereididae,참갯지렁이과,Phyllodocida,부채발갯지렁이목,Polychaeta,다모강,Annelida,환형동물문,Animalia,동물계,44,36,58,N,124,3,46,W,44.6162,-124.0627611
Platynereis bicanaliculata,두점참갯지렁이,270000013882,Platynereis,좁쌀이빨참갯지렁이속,Nereididae,참갯지렁이과,Phyllodocida,부채발갯지렁이목,Polychaeta,다모강,Annelida,환형동물문,Animalia,동물계,44,36,58,N,124,3,46,W,44.6162,-124.0627611
Platynereis bicanaliculata,두점참갯지렁이,270000013882,Platynereis,좁쌀이빨참갯지렁이속,Nereididae,참갯지렁이과,Phyllodocida,부채발갯지렁이목,Polychaeta,다모강,Annelida,환형동물문,Animalia,동물계,44,36,58,N,124,3,46,W,44.6162,-124.0627611
Platynereis bicanaliculata,두점참갯지렁이,270000013882,Platynereis,좁쌀이빨참갯지렁이속,Nereididae,참갯지렁이과,Phyllodocida,부채발갯지렁이목,Polychaeta,다모강,Annelida,환형동물문,Animalia,동물계,44,36,58,N,124,3,46,W,44.6162,-124.0627611
Platynereis bicanaliculata,두점참갯지렁이,270000013882,Platynereis,좁쌀이빨참갯지렁이속,Nereididae,참갯지렁이과,Phyllodocida,부채발갯지렁이목,Polychaeta,다모강,Annelida,환형동물문,Animalia,동물계,44,36,58,N,124,3,46,W,44.6162,-124.0627611
Platynereis bicanaliculata,두점참갯지렁이,270000013882,Platynereis,좁쌀이빨참갯지렁이속,Nereididae,참갯지렁이과,Phyllodocida,부채발갯지렁이목,Polychaeta,다모강,Annelida,환형동물문,Animalia,동물계,44,36,58,N,124,3,46,W,44.6162,-124.0627611
Platynereis bicanaliculata,두점참갯지렁이,270000013882,Platynereis,좁쌀이빨참갯지렁이속,Nereididae,참갯지렁이과,Phyllodocida,부채발갯지렁이목,Polychaeta,다모강,Annelida,환형동물문,Animalia,동물계,44,36,58,N,124,3,46,W,44.6162,-124.0627611
Platynereis bicanaliculata,두점참갯지렁이,270000013882,Platynereis,좁쌀이빨참갯지렁이속,Nereididae,참갯지렁이과,Phyllodocida,부채발갯지렁이목,Polychaeta,다모강,Annelida,환형동물문,Animalia,동물계,44,36,58,N,124,3,46,W,44.6162,-124.0627611
Platynereis bicanaliculata,두점참갯지렁이,270000013882,Platynereis,좁쌀이빨참갯지렁이속,Nereididae,참갯지렁이과,Phyllodocida,부채발갯지렁이목,Polychaeta,다모강,Annelida,환형동물문,Animalia,동물계,44,36,58,N,124,3,46,W,44.6162,-124.0627611
Platynereis bicanaliculata,두점참갯지렁이,270000013882,Platynereis,좁쌀이빨참갯지렁이속,Nereididae,참갯지렁이과,Phyllodocida,부채발갯지렁이목,Polychaeta,다모강,Annelida,환형동물문,Animalia,동물계,44,36,58,N,124,3,46,W,44.6162,-124.0627611
Platynereis bicanaliculata,두점참갯지렁이,270000013882,Platynereis,좁쌀이빨참갯지렁이속,Nereididae,참갯지렁이과,Phyllodocida,부채발갯지렁이목,Polychaeta,다모강,Annelida,환형동물문,Animalia,동물계,44,36,58,N,124,3,46,W,44.6162,-124.0627611
Platynereis bicanaliculata,두점참갯지렁이,270000013882,Platynereis,좁쌀이빨참갯지렁이속,Nereididae,참갯지렁이과,Phyllodocida,부채발갯지렁이목,Polychaeta,다모강,Annelida,환형동물문,Animalia,동물계,44,36,58,N,124,3,46,W,44.6162,-124.0627611
Platynereis bicanaliculata,두점참갯지렁이,270000013882,Platynereis,좁쌀이빨참갯지렁이속,Nereididae,참갯지렁이과,Phyllodocida,부채발갯지렁이목,Polychaeta,다모강,Annelida,환형동물문,Animalia,동물계,44,36,58,N,124,3,46,W,44.6162,-124.0627611
Platynereis bicanaliculata,두점참갯지렁이,270000013882,Platynereis,좁쌀이빨참갯지렁이속,Nereididae,참갯지렁이과,Phyllodocida,부채발갯지렁이목,Polychaeta,다모강,Annelida,환형동물문,Animalia,동물계,44,36,58,N,124,3,46,W,44.6162,-124.0627611
Platynereis bicanaliculata,두점참갯지렁이,270000013882,Platynereis,좁쌀이빨참갯지렁이속,Nereididae,참갯지렁이과,Phyllodocida,부채발갯지렁이목,Polychaeta,다모강,Annelida,환형동물문,Animalia,동물계,44,36,58,N,124,3,46,W,44.6162,-124.0627611
Platynereis bicanaliculata,두점참갯지렁이,270000013882,Platynereis,좁쌀이빨참갯지렁이속,Nereididae,참갯지렁이과,Phyllodocida,부채발갯지렁이목,Polychaeta,다모강,Annelida,환형동물문,Animalia,동물계,34,48,50,N,126,1,46,E,34.81390556,126.0293861
Pseudonereis variegata,둥근이빨참갯지렁이,270000014942,Pseudonereis,반쪽이빨참갯지렁이속,Nereididae,참갯지렁이과,Phyllodocida,부채발갯지렁이목,Polychaeta,다모강,Annelida,환형동물문,Animalia,동물계,36,40,15,N,126,8,8,E,36.67091667,126.1356667
Pseudonereis,반쪽이빨참갯지렁이속,260000005792,Pseudonereis,반쪽이빨참갯지렁이속,Nereididae,참갯지렁이과,Phyllodocida,부채발갯지렁이목,Polychaeta,다모강,Annelida,환형동물문,Animalia,동물계,34,8,7,N,126,33,41,E,34.13538889,126.5613889
Pseudonereis,반쪽이빨참갯지렁이속,260000005792,Pseudonereis,반쪽이빨참갯지렁이속,Nereididae,참갯지렁이과,Phyllodocida,부채발갯지렁이목,Polychaeta,다모강,Annelida,환형동물문,Animalia,동물계,34,8,7,N,126,33,41,E,34.13538889,126.5613889
Pseudonereis,반쪽이빨참갯지렁이속,260000005792,Pseudonereis,반쪽이빨참갯지렁이속,Nereididae,참갯지렁이과,Phyllodocida,부채발갯지렁이목,Polychaeta,다모강,Annelida,환형동물문,Animalia,동물계,34,8,7,N,126,33,41,E,34.13538889,126.5613889
Pseudonereis,반쪽이빨참갯지렁이속,260000005792,Pseudonereis,반쪽이빨참갯지렁이속,Nereididae,참갯지렁이과,Phyllodocida,부채발갯지렁이목,Polychaeta,다모강,Annelida,환형동물문,Animalia,동물계,34,8,7,N,126,33,41,E,34.13538889,126.5613889
Pseudonereis,반쪽이빨참갯지렁이속,260000005792,Pseudonereis,반쪽이빨참갯지렁이속,Nereididae,참갯지렁이과,Phyllodocida,부채발갯지렁이목,Polychaeta,다모강,Annelida,환형동물문,Animalia,동물계,34,58,0,N,126,23,11,E,34.96678611,126.3863167
Pseudonereis,반쪽이빨참갯지렁이속,260000005792,Pseudonereis,반쪽이빨참갯지렁이속,Nereididae,참갯지렁이과,Phyllodocida,부채발갯지렁이목,Polychaeta,다모강,Annelida,환형동물문,Animalia,동물계,34,8,7,N,126,33,41,E,34.13538889,126.5613889
Simplisetia erythraeensis,붉은집참갯지렁이,270000016522,Simplisetia,,Nereididae,참갯지렁이과,Phyllodocida,부채발갯지렁이목,Polychaeta,다모강,Annelida,환형동물문,Animalia,동물계,34,53,11,N,127,44,56,E,34.886325,127.7488833
Paralacydonia paradoxa,은갯지렁이,270000012827,Paralacydonia,은갯지렁이속,Paralacydoniidae,은갯지렁이과,Phyllodocida,부채발갯지렁이목,Polychaeta,다모강,Annelida,환형동물문,Animalia,동물계,36,5,46,N,126,29,18,E,36.09611111,126.4883333
Paralacydonia paradoxa,은갯지렁이,270000012827,Paralacydonia,은갯지렁이속,Paralacydoniidae,은갯지렁이과,Phyllodocida,부채발갯지렁이목,Polychaeta,다모강,Annelida,환형동물문,Animalia,동물계,36,5,46,N,126,29,18,E,36.09611111,126.4883333
Paralacydonia paradoxa,은갯지렁이,270000012827,Paralacydonia,은갯지렁이속,Paralacydoniidae,은갯지렁이과,Phyllodocida,부채발갯지렁이목,Polychaeta,다모강,Annelida,환형동물문,Animalia,동물계,36,5,46,N,126,29,18,E,36.09611111,126.4883333
Paralacydonia paradoxa,은갯지렁이,270000012827,Paralacydonia,은갯지렁이속,Paralacydoniidae,은갯지렁이과,Phyllodocida,부채발갯지렁이목,Polychaeta,다모강,Annelida,환형동물문,Animalia,동물계,36,5,46,N,126,29,18,E,36.09611111,126.4883333
Paralacydonia paradoxa,은갯지렁이,270000012827,Paralacydonia,은갯지렁이속,Paralacydoniidae,은갯지렁이과,Phyllodocida,부채발갯지렁이목,Polychaeta,다모강,Annelida,환형동물문,Animalia,동물계,36,5,46,N,126,29,8,E,36.09611111,126.4855556
Paralacydonia paradoxa,은갯지렁이,270000012827,Paralacydonia,은갯지렁이속,Paralacydoniidae,은갯지렁이과,Phyllodocida,부채발갯지렁이목,Polychaeta,다모강,Annelida,환형동물문,Animalia,동물계,36,5,46,N,126,29,18,E,36.09611111,126.4883333
Paralacydonia paradoxa,은갯지렁이,270000012827,Paralacydonia,은갯지렁이속,Paralacydoniidae,은갯지렁이과,Phyllodocida,부채발갯지렁이목,Polychaeta,다모강,Annelida,환형동물문,Animalia,동물계,36,5,46,N,126,29,18,E,36.09611111,126.4883333
Paralacydonia paradoxa,은갯지렁이,270000012827,Paralacydonia,은갯지렁이속,Paralacydoniidae,은갯지렁이과,Phyllodocida,부채발갯지렁이목,Polychaeta,다모강,Annelida,환형동물문,Animalia,동물계,36,5,46,N,126,29,18,E,36.09611111,126.4883333
Paralacydonia paradoxa,은갯지렁이,270000012827,Paralacydonia,은갯지렁이속,Paralacydoniidae,은갯지렁이과,Phyllodocida,부채발갯지렁이목,Polychaeta,다모강,Annelida,환형동물문,Animalia,동물계,36,5,46,N,126,29,18,E,36.09611111,126.4883333
Eteone longa,작은부채발갯지렁이,270000006302,Eteone,작은부채발갯지렁이속,Phyllodocidae,부채발갯지렁이과,Phyllodocida,부채발갯지렁이목,Polychaeta,다모강,Annelida,환형동물문,Animalia,동물계,34,41,29,N,127,47,40,E,34.6915,127.7944444
Eulalia viridis,녹색불꽃부채발갯지렁이,270000006409,Eulalia,불꽃부채발갯지렁이속,Phyllodocidae,부채발갯지렁이과,Phyllodocida,부채발갯지렁이목,Polychaeta,다모강,Annelida,환형동물문,Animalia,동물계,34,47,7,N,128,27,32,E,34.78527778,128.4590056
Eulalia viridis,녹색불꽃부채발갯지렁이,270000006409,Eulalia,불꽃부채발갯지렁이속,Phyllodocidae,부채발갯지렁이과,Phyllodocida,부채발갯지렁이목,Polychaeta,다모강,Annelida,환형동물문,Animalia,동물계,35,48,55,N,126,26,50,E,35.81515833,126.4472694
Eumida sanguinea,심장부채발갯지렁이,270000006425,Eumida,황금부채발갯지렁이속,Phyllodocidae,부채발갯지렁이과,Phyllodocida,부채발갯지렁이목,Polychaeta,다모강,Annelida,환형동물문,Animalia,동물계,34,8,7,N,126,33,41,E,34.13538889,126.5613889
Eumida sanguinea,심장부채발갯지렁이,270000006425,Eumida,황금부채발갯지렁이속,Phyllodocidae,부채발갯지렁이과,Phyllodocida,부채발갯지렁이목,Polychaeta,다모강,Annelida,환형동물문,Animalia,동물계,37,3,22,N,129,25,47,E,37.05621389,129.4297861
Eumida sanguinea,심장부채발갯지렁이,270000006425,Eumida,황금부채발갯지렁이속,Phyllodocidae,부채발갯지렁이과,Phyllodocida,부채발갯지렁이목,Polychaeta,다모강,Annelida,환형동물문,Animalia,동물계,36,30,44,N,129,27,3,E,36.51222778,129.4508694
Eumida sanguinea,심장부채발갯지렁이,270000006425,Eumida,황금부채발갯지렁이속,Phyllodocidae,부채발갯지렁이과,Phyllodocida,부채발갯지렁이목,Polychaeta,다모강,Annelida,환형동물문,Animalia,동물계,37,3,22,N,129,25,47,E,37.05621389,129.4297861
Eumida sanguinea,심장부채발갯지렁이,270000006425,Eumida,황금부채발갯지렁이속,Phyllodocidae,부채발갯지렁이과,Phyllodocida,부채발갯지렁이목,Polychaeta,다모강,Annelida,환형동물문,Animalia,동물계,36,30,44,N,129,27,3,E,36.51222778,129.4508694
Eumida sanguinea,심장부채발갯지렁이,270000006425,Eumida,황금부채발갯지렁이속,Phyllodocidae,부채발갯지렁이과,Phyllodocida,부채발갯지렁이목,Polychaeta,다모강,Annelida,환형동물문,Animalia,동물계,36,30,44,N,129,27,3,E,36.51222778,129.4508694
Nereiphylla hera,뾰족납작수염부채발갯지렁이,270000011603,Nereiphylla,납작수염부채발갯지렁이속,Phyllodocidae,부채발갯지렁이과,Phyllodocida,부채발갯지렁이목,Polychaeta,다모강,Annelida,환형동물문,Animalia,동물계,38,25,23,N,128,27,49,E,38.42305278,128.4636028
Nereiphylla castanea,납작수염부채발갯지렁이,270000011602,Nereiphylla,납작수염부채발갯지렁이속,Phyllodocidae,부채발갯지렁이과,Phyllodocida,부채발갯지렁이목,Polychaeta,다모강,Annelida,환형동물문,Animalia,동물계,36,42,46,N,129,28,39,E,36.71284444,129.4773694
Nereiphylla hera,뾰족납작수염부채발갯지렁이,270000011603,Nereiphylla,납작수염부채발갯지렁이속,Phyllodocidae,부채발갯지렁이과,Phyllodocida,부채발갯지렁이목,Polychaeta,다모강,Annelida,환형동물문,Animalia,동물계,38,25,23,N,128,27,49,E,38.42305278,128.4636028
Nereiphylla hera,뾰족납작수염부채발갯지렁이,270000011603,Nereiphylla,납작수염부채발갯지렁이속,Phyllodocidae,부채발갯지렁이과,Phyllodocida,부채발갯지렁이목,Polychaeta,다모강,Annelida,환형동물문,Animalia,동물계,38,25,23,N,128,27,49,E,38.42305278,128.4636028
Nereiphylla hera,뾰족납작수염부채발갯지렁이,270000011603,Nereiphylla,납작수염부채발갯지렁이속,Phyllodocidae,부채발갯지렁이과,Phyllodocida,부채발갯지렁이목,Polychaeta,다모강,Annelida,환형동물문,Animalia,동물계,34,43,16,N,127,42,18,E,34.72122222,127.7050361
Nereiphylla hera,뾰족납작수염부채발갯지렁이,270000011603,Nereiphylla,납작수염부채발갯지렁이속,Phyllodocidae,부채발갯지렁이과,Phyllodocida,부채발갯지렁이목,Polychaeta,다모강,Annelida,환형동물문,Animalia,동물계,38,25,23,N,128,27,49,E,38.42305278,128.4636028
Nereiphylla hera,뾰족납작수염부채발갯지렁이,270000011603,Nereiphylla,납작수염부채발갯지렁이속,Phyllodocidae,부채발갯지렁이과,Phyllodocida,부채발갯지렁이목,Polychaeta,다모강,Annelida,환형동물문,Animalia,동물계,38,25,23,N,128,27,49,E,38.42305278,128.4636028
Nereiphylla hera,뾰족납작수염부채발갯지렁이,270000011603,Nereiphylla,납작수염부채발갯지렁이속,Phyllodocidae,부채발갯지렁이과,Phyllodocida,부채발갯지렁이목,Polychaeta,다모강,Annelida,환형동물문,Animalia,동물계,38,25,23,N,128,27,49,E,38.42305278,128.4636028
Nereiphylla hera,뾰족납작수염부채발갯지렁이,270000011603,Nereiphylla,납작수염부채발갯지렁이속,Phyllodocidae,부채발갯지렁이과,Phyllodocida,부채발갯지렁이목,Polychaeta,다모강,Annelida,환형동물문,Animalia,동물계,38,25,23,N,128,27,49,E,38.42305278,128.4636028
Nereiphylla hera,뾰족납작수염부채발갯지렁이,270000011603,Nereiphylla,납작수염부채발갯지렁이속,Phyllodocidae,부채발갯지렁이과,Phyllodocida,부채발갯지렁이목,Polychaeta,다모강,Annelida,환형동물문,Animalia,동물계,38,25,23,N,128,27,49,E,38.42305278,128.4636028
Nereiphylla hera,뾰족납작수염부채발갯지렁이,270000011603,Nereiphylla,납작수염부채발갯지렁이속,Phyllodocidae,부채발갯지렁이과,Phyllodocida,부채발갯지렁이목,Polychaeta,다모강,Annelida,환형동물문,Animalia,동물계,38,25,23,N,128,27,49,E,38.42305278,128.4636028
Nereiphylla hera,뾰족납작수염부채발갯지렁이,270000011603,Nereiphylla,납작수염부채발갯지렁이속,Phyllodocidae,부채발갯지렁이과,Phyllodocida,부채발갯지렁이목,Polychaeta,다모강,Annelida,환형동물문,Animalia,동물계,38,25,23,N,128,27,49,E,38.42305278,128.4636028
Nereiphylla hera,뾰족납작수염부채발갯지렁이,270000011603,Nereiphylla,납작수염부채발갯지렁이속,Phyllodocidae,부채발갯지렁이과,Phyllodocida,부채발갯지렁이목,Polychaeta,다모강,Annelida,환형동물문,Animalia,동물계,38,25,23,N,128,27,49,E,38.42305278,128.4636028
Nereiphylla hera,뾰족납작수염부채발갯지렁이,270000011603,Nereiphylla,납작수염부채발갯지렁이속,Phyllodocidae,부채발갯지렁이과,Phyllodocida,부채발갯지렁이목,Polychaeta,다모강,Annelida,환형동물문,Animalia,동물계,34,43,16,N,127,42,18,E,34.72122222,127.7050361
Nereiphylla hera,뾰족납작수염부채발갯지렁이,270000011603,Nereiphylla,납작수염부채발갯지렁이속,Phyllodocidae,부채발갯지렁이과,Phyllodocida,부채발갯지렁이목,Polychaeta,다모강,Annelida,환형동물문,Animalia,동물계,38,25,23,N,128,27,49,E,38.42305278,128.4636028
Nereiphylla hera,뾰족납작수염부채발갯지렁이,270000011603,Nereiphylla,납작수염부채발갯지렁이속,Phyllodocidae,부채발갯지렁이과,Phyllodocida,부채발갯지렁이목,Polychaeta,다모강,Annelida,환형동물문,Animalia,동물계,38,25,23,N,128,27,49,E,38.42305278,128.4636028
Nereiphylla hera,뾰족납작수염부채발갯지렁이,270000011603,Nereiphylla,납작수염부채발갯지렁이속,Phyllodocidae,부채발갯지렁이과,Phyllodocida,부채발갯지렁이목,Polychaeta,다모강,Annelida,환형동물문,Animalia,동물계,38,25,23,N,128,27,49,E,38.42305278,128.4636028
Nereiphylla hera,뾰족납작수염부채발갯지렁이,270000011603,Nereiphylla,납작수염부채발갯지렁이속,Phyllodocidae,부채발갯지렁이과,Phyllodocida,부채발갯지렁이목,Polychaeta,다모강,Annelida,환형동물문,Animalia,동물계,38,25,23,N,128,27,49,E,38.42305278,128.4636028
Nereiphylla hera,뾰족납작수염부채발갯지렁이,270000011603,Nereiphylla,납작수염부채발갯지렁이속,Phyllodocidae,부채발갯지렁이과,Phyllodocida,부채발갯지렁이목,Polychaeta,다모강,Annelida,환형동물문,Animalia,동물계,38,25,23,N,128,27,49,E,38.42305278,128.4636028
Nereiphylla hera,뾰족납작수염부채발갯지렁이,270000011603,Nereiphylla,납작수염부채발갯지렁이속,Phyllodocidae,부채발갯지렁이과,Phyllodocida,부채발갯지렁이목,Polychaeta,다모강,Annelida,환형동물문,Animalia,동물계,38,25,23,N,128,27,49,E,38.42305278,128.4636028
Nereiphylla hera,뾰족납작수염부채발갯지렁이,270000011603,Nereiphylla,납작수염부채발갯지렁이속,Phyllodocidae,부채발갯지렁이과,Phyllodocida,부채발갯지렁이목,Polychaeta,다모강,Annelida,환형동물문,Animalia,동물계,38,25,23,N,128,27,49,E,38.42305278,128.4636028
Nereiphylla hera,뾰족납작수염부채발갯지렁이,270000011603,Nereiphylla,납작수염부채발갯지렁이속,Phyllodocidae,부채발갯지렁이과,Phyllodocida,부채발갯지렁이목,Polychaeta,다모강,Annelida,환형동물문,Animalia,동물계,38,25,23,N,128,27,49,E,38.42305278,128.4636028
Nereiphylla hera,뾰족납작수염부채발갯지렁이,270000011603,Nereiphylla,납작수염부채발갯지렁이속,Phyllodocidae,부채발갯지렁이과,Phyllodocida,부채발갯지렁이목,Polychaeta,다모강,Annelida,환형동물문,Animalia,동물계,38,25,23,N,128,27,49,E,38.42305278,128.4636028
Nereiphylla hera,뾰족납작수염부채발갯지렁이,270000011603,Nereiphylla,납작수염부채발갯지렁이속,Phyllodocidae,부채발갯지렁이과,Phyllodocida,부채발갯지렁이목,Polychaeta,다모강,Annelida,환형동물문,Animalia,동물계,38,25,23,N,128,27,49,E,38.42305278,128.4636028
Nereiphylla hera,뾰족납작수염부채발갯지렁이,270000011603,Nereiphylla,납작수염부채발갯지렁이속,Phyllodocidae,부채발갯지렁이과,Phyllodocida,부채발갯지렁이목,Polychaeta,다모강,Annelida,환형동물문,Animalia,동물계,38,25,23,N,128,27,49,E,38.42305278,128.4636028
Nereiphylla hera,뾰족납작수염부채발갯지렁이,270000011603,Nereiphylla,납작수염부채발갯지렁이속,Phyllodocidae,부채발갯지렁이과,Phyllodocida,부채발갯지렁이목,Polychaeta,다모강,Annelida,환형동물문,Animalia,동물계,38,25,23,N,128,27,49,E,38.42305278,128.4636028
Nereiphylla hera,뾰족납작수염부채발갯지렁이,270000011603,Nereiphylla,납작수염부채발갯지렁이속,Phyllodocidae,부채발갯지렁이과,Phyllodocida,부채발갯지렁이목,Polychaeta,다모강,Annelida,환형동물문,Animalia,동물계,38,25,23,N,128,27,49,E,38.42305278,128.4636028
Nereiphylla hera,뾰족납작수염부채발갯지렁이,270000011603,Nereiphylla,납작수염부채발갯지렁이속,Phyllodocidae,부채발갯지렁이과,Phyllodocida,부채발갯지렁이목,Polychaeta,다모강,Annelida,환형동물문,Animalia,동물계,38,25,23,N,128,27,49,E,38.42305278,128.4636028
Nereiphylla hera,뾰족납작수염부채발갯지렁이,270000011603,Nereiphylla,납작수염부채발갯지렁이속,Phyllodocidae,부채발갯지렁이과,Phyllodocida,부채발갯지렁이목,Polychaeta,다모강,Annelida,환형동물문,Animalia,동물계,38,25,23,N,128,27,49,E,38.42305278,128.4636028
Nereiphylla hera,뾰족납작수염부채발갯지렁이,270000011603,Nereiphylla,납작수염부채발갯지렁이속,Phyllodocidae,부채발갯지렁이과,Phyllodocida,부채발갯지렁이목,Polychaeta,다모강,Annelida,환형동물문,Animalia,동물계,38,25,23,N,128,27,49,E,38.42305278,128.4636028
Nereiphylla castanea,납작수염부채발갯지렁이,270000011602,Nereiphylla,납작수염부채발갯지렁이속,Phyllodocidae,부채발갯지렁이과,Phyllodocida,부채발갯지렁이목,Polychaeta,다모강,Annelida,환형동물문,Animalia,동물계,36,42,46,N,129,28,39,E,36.71284444,129.4773694
Nereiphylla castanea,납작수염부채발갯지렁이,270000011602,Nereiphylla,납작수염부채발갯지렁이속,Phyllodocidae,부채발갯지렁이과,Phyllodocida,부채발갯지렁이목,Polychaeta,다모강,Annelida,환형동물문,Animalia,동물계,36,42,46,N,129,28,39,E,36.71284444,129.4773694
Nereiphylla hera,뾰족납작수염부채발갯지렁이,270000011603,Nereiphylla,납작수염부채발갯지렁이속,Phyllodocidae,부채발갯지렁이과,Phyllodocida,부채발갯지렁이목,Polychaeta,다모강,Annelida,환형동물문,Animalia,동물계,38,25,23,N,128,27,49,E,38.42305278,128.4636028
Nereiphylla hera,뾰족납작수염부채발갯지렁이,270000011603,Nereiphylla,납작수염부채발갯지렁이속,Phyllodocidae,부채발갯지렁이과,Phyllodocida,부채발갯지렁이목,Polychaeta,다모강,Annelida,환형동물문,Animalia,동물계,36,1,56,N,129,34,45,E,36.03225,129.5791944
Nereiphylla hera,뾰족납작수염부채발갯지렁이,270000011603,Nereiphylla,납작수염부채발갯지렁이속,Phyllodocidae,부채발갯지렁이과,Phyllodocida,부채발갯지렁이목,Polychaeta,다모강,Annelida,환형동물문,Animalia,동물계,38,30,38,N,128,25,18,E,38.51066667,128.4215278
Nereiphylla castanea,납작수염부채발갯지렁이,270000011602,Nereiphylla,납작수염부채발갯지렁이속,Phyllodocidae,부채발갯지렁이과,Phyllodocida,부채발갯지렁이목,Polychaeta,다모강,Annelida,환형동물문,Animalia,동물계,34,53,8,N,128,57,4,E,34.88547222,128.9512139
Nereiphylla castanea,납작수염부채발갯지렁이,270000011602,Nereiphylla,납작수염부채발갯지렁이속,Phyllodocidae,부채발갯지렁이과,Phyllodocida,부채발갯지렁이목,Polychaeta,다모강,Annelida,환형동물문,Animalia,동물계,34,53,8,N,128,57,4,E,34.88547222,128.9512139
Nereiphylla hera,뾰족납작수염부채발갯지렁이,270000011603,Nereiphylla,납작수염부채발갯지렁이속,Phyllodocidae,부채발갯지렁이과,Phyllodocida,부채발갯지렁이목,Polychaeta,다모강,Annelida,환형동물문,Animalia,동물계,38,25,23,N,128,27,49,E,38.42305278,128.4636028
Nereiphylla hera,뾰족납작수염부채발갯지렁이,270000011603,Nereiphylla,납작수염부채발갯지렁이속,Phyllodocidae,부채발갯지렁이과,Phyllodocida,부채발갯지렁이목,Polychaeta,다모강,Annelida,환형동물문,Animalia,동물계,38,25,23,N,128,27,49,E,38.42305278,128.4636028
Nereiphylla hera,뾰족납작수염부채발갯지렁이,270000011603,Nereiphylla,납작수염부채발갯지렁이속,Phyllodocidae,부채발갯지렁이과,Phyllodocida,부채발갯지렁이목,Polychaeta,다모강,Annelida,환형동물문,Animalia,동물계,38,25,23,N,128,27,49,E,38.42305278,128.4636028
Nereiphylla hera,뾰족납작수염부채발갯지렁이,270000011603,Nereiphylla,납작수염부채발갯지렁이속,Phyllodocidae,부채발갯지렁이과,Phyllodocida,부채발갯지렁이목,Polychaeta,다모강,Annelida,환형동물문,Animalia,동물계,38,25,23,N,128,27,49,E,38.42305278,128.4636028
Nereiphylla hera,뾰족납작수염부채발갯지렁이,270000011603,Nereiphylla,납작수염부채발갯지렁이속,Phyllodocidae,부채발갯지렁이과,Phyllodocida,부채발갯지렁이목,Polychaeta,다모강,Annelida,환형동물문,Animalia,동물계,38,25,23,N,128,27,49,E,38.42305278,128.4636028
Nereiphylla hera,뾰족납작수염부채발갯지렁이,270000011603,Nereiphylla,납작수염부채발갯지렁이속,Phyllodocidae,부채발갯지렁이과,Phyllodocida,부채발갯지렁이목,Polychaeta,다모강,Annelida,환형동물문,Animalia,동물계,38,25,23,N,128,27,49,E,38.42305278,128.4636028
Nereiphylla castanea,납작수염부채발갯지렁이,270000011602,Nereiphylla,납작수염부채발갯지렁이속,Phyllodocidae,부채발갯지렁이과,Phyllodocida,부채발갯지렁이목,Polychaeta,다모강,Annelida,환형동물문,Animalia,동물계,37,26,50,N,126,22,17,E,37.44730556,126.3713889
Phyllodoce maculata,네모부채발갯지렁이,270000013684,Phyllodoce,부채발갯지렁이속,Phyllodocidae,부채발갯지렁이과,Phyllodocida,부채발갯지렁이목,Polychaeta,다모강,Annelida,환형동물문,Animalia,동물계,36,3,49,N,126,26,42,E,36.06363889,126.4449167
Phyllodoce maculata,네모부채발갯지렁이,270000013684,Phyllodoce,부채발갯지렁이속,Phyllodocidae,부채발갯지렁이과,Phyllodocida,부채발갯지렁이목,Polychaeta,다모강,Annelida,환형동물문,Animalia,동물계,35,20,54,N,129,20,20,E,35.34830556,129.33875
Ancistargis matsunagaensis,뿔투구갯지렁이,270000001063,Ancistargis,앞뿔투구갯지렁이속,Pilargidae,투구갯지렁이과,Phyllodocida,부채발갯지렁이목,Polychaeta,다모강,Annelida,환형동물문,Animalia,동물계,34,54,23,N,128,1,43,E,34.90634167,128.0286611
Branchipolynoe seepensis,,270000026863,Branchipolynoe,,Polynoidae,비늘갯지렁이과,Phyllodocida,부채발갯지렁이목,Polychaeta,다모강,Annelida,환형동물문,Animalia,동물계,11,24,53,S,66,25,25,E,11.41471667,66.42374722
Branchipolynoe seepensis,,270000026863,Branchipolynoe,,Polynoidae,비늘갯지렁이과,Phyllodocida,부채발갯지렁이목,Polychaeta,다모강,Annelida,환형동물문,Animalia,동물계,11,24,53,S,66,25,25,E,11.41471667,66.42374722
Halosydna brevisetosa,짧은미륵비늘갯지렁이,270000007937,Halosydna,미륵비늘갯지렁이속,Polynoidae,비늘갯지렁이과,Phyllodocida,부채발갯지렁이목,Polychaeta,다모강,Annelida,환형동물문,Animalia,동물계,35,37,41,N,126,28,7,E,35.62816667,126.4687389
Halosydna brevisetosa,짧은미륵비늘갯지렁이,270000007937,Halosydna,미륵비늘갯지렁이속,Polynoidae,비늘갯지렁이과,Phyllodocida,부채발갯지렁이목,Polychaeta,다모강,Annelida,환형동물문,Animalia,동물계,36,2,39,N,126,32,48,E,36.04422222,126.5465944
Halosydna brevisetosa,짧은미륵비늘갯지렁이,270000007937,Halosydna,미륵비늘갯지렁이속,Polynoidae,비늘갯지렁이과,Phyllodocida,부채발갯지렁이목,Polychaeta,다모강,Annelida,환형동물문,Animalia,동물계,35,37,41,N,126,28,7,E,35.62816667,126.4687389
